id,name,rank,req_lv,part,category,hp,str,vit,agi,int,dex,luk,atk,matk,def,mdef,hit,eva,cri,res,description
100000,練習用の木刀,1,1,hand,Sword,0.0,3,1,2,0,4,0,3,0,0.0,0.0,0.0,0.0,0.0,0,剣術の稽古に使われる樫の木の棒。殺傷力はほとんどない。
100001,錆びたショートソード,1,5,hand,Sword,0.0,2,2,2,0,3,1,5,0,0.0,0.0,0.0,0.0,0.0,0,長年放置され、赤茶けた錆に覆われた短い剣。切れ味は悪く、もろい。
100002,銅のつるぎ,1,10,hand,Sword,0.0,3,2,3,0,0,2,7,0,0.0,0.0,0.0,0.0,0.0,0,加工しやすい銅で作られた剣。鉄製よりも柔らかく、刃こぼれしやすい。
100003,旅人の剣,1,15,hand,Sword,0.0,4,0,1,0,5,0,4,0,3.0,0.0,0.0,0.0,0.0,0,護身用に作られた扱いやすい剣。野宿の際の雑用にも使われる。
100004,鉄のブロードソード,2,20,hand,Sword,0.0,16,1,4,0,4,5,5,0,3.0,0.0,0.0,0.0,0.0,0,幅の広い刀身を持つ鉄剣。切るだけでなく、叩く力も備えている。
100005,衛兵の剣,2,25,hand,Sword,0.0,14,1,6,0,5,4,6,0,0.0,0.0,0.0,0.0,0.0,0,都市の警備兵に支給される制式剣。実用性を重視した頑丈な作り。
100006,傭兵のサーベル,2,30,hand,Sword,0.0,12,2,5,0,8,3,8,0,0.0,0.0,0.0,0.0,0.0,0,片刃で反りのある刀剣。斬撃に適しており、熟練の傭兵が好んで使う。
100007,刃こぼれしたロングソード,3,35,hand,Sword,0.0,18,4,9,0,15,4,4,0,0.0,0.0,0.0,0.0,0.0,0,激しい戦いを経て刃が欠けた長剣。かつての名残はあるが威力は低い。
100008,鋼の剣,3,40,hand,Sword,0.0,27,3,5,0,12,3,9,0,0.0,0.0,0.0,0.0,0.0,0,鍛え抜かれた鋼鉄製の剣。鉄の剣を凌駕する鋭さと強度を誇る。
100009,カトラス,3,45,hand,Sword,0.0,28,2,8,0,8,4,10,0,0.0,0.0,0.0,0.0,0.0,0,海賊や船乗りが愛用する短めの曲刀。狭い船内でも振り回しやすい。
100010,丸太の大剣,1,1,hand,Great Sword,0.0,5,2,1,0,2,0,4,0,0.0,0.0,0.0,0.0,0.0,0,巨大な丸太に持ち手を付けただけの原始的な武器。重さで押し潰す。
100011,錆びたツヴァイヘンダー,1,5,hand,Great Sword,0.0,4,2,3,0,0,1,5,0,0.0,0.0,0.0,0.0,0.0,0,両手用の巨大な剣だが、錆びついており本来の鋭さはない。
100012,採石場の石剣,1,10,hand,Great Sword,0.0,4,2,1,0,2,1,6,0,0.0,0.0,0.0,0.0,0.0,0,巨大な石板を荒削りして作られた剣。切るというよりは石塊による打撃に近い。
100013,鋳鉄のグレートソード,1,15,hand,Great Sword,0.0,3,4,1,0,1,1,10,0,0.0,0.0,0.0,0.0,0.0,0,鋳型に鉄を流し込んで作られた量産品の大剣。重いが脆い面もある。
100014,処刑人の剣,2,20,hand,Great Sword,0.0,17,6,3,0,3,1,9,0,0.0,0.0,0.0,0.0,0.0,0,罪人の首を落とすために作られた、刃先が平らな特異な形状の大剣。
100015,クレイモア,2,25,hand,Great Sword,0.0,11,8,3,0,6,2,11,0,0.0,0.0,0.0,0.0,0.0,0,十字の鍔が特徴的な両手剣。長く鋭い刀身ですべてを薙ぎ払う。
100016,重厚な鉄塊,2,30,hand,Great Sword,0.0,15,5,0,0,7,3,8,0,0.0,0.0,0.0,0.0,0.0,0,剣の形をしているが、研がれていないただの鉄の塊。筋力だけが頼り。
100017,戦士の大剣,3,35,hand,Great Sword,0.0,25,7,6,0,10,2,10,0,0.0,0.0,0.0,0.0,0.0,0,歴戦の戦士が振るう大型の剣。無骨だが、敵を両断する威力がある。
100018,フランベルジュ（模造）,3,40,hand,Great Sword,0.0,16,15,4,0,9,6,12,0,0.0,0.0,0.0,0.0,0.0,0,炎のように波打つ刃を持つ大剣。模造品のため装飾的な意味合いが強い。
100019,バスタードソード,3,45,hand,Great Sword,0.0,27,6,7,0,7,3,15,0,0.0,0.0,0.0,0.0,0.0,0,片手でも両手でも扱えるように柄が長く作られた、汎用性の高い剣。
100020,果物ナイフ,1,1,hand,Dagger,0.0,0,2,5,1,0,2,2,0,0.0,0.0,0.0,0.0,0.0,0,果物の皮を剥くための小さなナイフ。戦闘用ではないため威力は皆無。
100021,錆びたダガー,1,5,hand,Dagger,0.0,0,3,3,2,1,1,3,0,0.0,0.0,0.0,0.0,0.0,0,手入れされずに放置された短剣。切れ味は鈍く、破傷風の危険がある。
100022,銅の短剣,1,10,hand,Dagger,0.0,0,1,4,0,3,2,4,0,0.0,0.0,0.0,0.0,0.0,0,銅で作られた安価な短剣。初心者の護身用として広く流通している。
100023,盗賊のナイフ,1,15,hand,Dagger,0.0,0,1,8,1,0,0,5,0,0.0,0.0,0.0,0.0,0.0,0,隠し持ちやすいように薄く作られたナイフ。不意打ちに適している。
100024,バタフライナイフ,2,20,hand,Dagger,0.0,4,1,10,3,4,8,4,0,0.0,0.0,0.0,0.0,0.0,0,グリップが分割して刃を収納できる折りたたみナイフ。独特な開閉操作が必要。
100025,ククリ,2,25,hand,Dagger,0.0,6,4,10,2,5,3,5,0,0.0,0.0,0.0,0.0,0.0,0,「く」の字に曲がった刀身が特徴的な短剣。遠心力を乗せた一撃が重い。
100026,鉄の小太刀,2,30,hand,Dagger,0.0,3,5,10,4,5,3,6,0,0.0,0.0,0.0,0.0,0.0,0,東方の技術で作られた短い刀。切れ味鋭く、取り回しが良い。
100027,メインゴーシュ,3,35,hand,Dagger,0.0,7,7,16,6,7,7,7,0,0.0,0.0,0.0,0.0,0.0,0,左手用の防御短剣。大きな鍔があり、敵の剣を受け流すのに適している。
100028,毒塗りの短剣,3,40,hand,Dagger,0.0,6,11,10,9,7,7,8,0,0.0,0.0,0.0,0.0,0.0,0,紫色の毒液が刃に塗られた短剣。斬りつけると同時に相手を蝕む。
100029,アサシンダガー,3,45,hand,Dagger,0.0,7,5,18,8,6,6,9,0,0.0,0.0,0.0,0.0,0.0,0,暗殺のために研ぎ澄まされた黒い短剣。急所を突くと致命的な一撃となる。
100030,ひのきの棍棒,1,1,hand,Hammer,0.0,4,0,3,0,1,2,4,0,0.0,0.0,0.0,0.0,0.0,0,どこにでもある檜の枝を適当な長さに折ったもの。武器と呼べるか怪しい。
100031,大工の木槌,1,5,hand,Hammer,0.0,6,0,0,2,1,1,5,0,0.0,0.0,0.0,0.0,0.0,0,建築現場で使われる木製の槌。釘を打つための道具だが、頭を叩けば痛い。
100032,石のハンマー,1,10,hand,Hammer,0.0,5,2,1,1,0,1,6,0,0.0,0.0,0.0,0.0,0.0,0,木の棒の先に石を縛り付けた原始的な打撃武器。
100033,鋲付きクラブ,1,15,hand,Hammer,0.0,5,0,1,2,0,2,6,0,0.0,0.0,0.0,0.0,0.0,0,木製の棍棒に金属の鋲を打ち込み、殺傷力を高めた武器。
100034,鍛冶屋のハンマー,2,20,hand,Hammer,0.0,11,1,5,4,3,6,5,0,0.0,0.0,0.0,0.0,0.0,0,鉄を打つための頑丈な金槌。熱と衝撃に耐える作りをしている。
100035,銅のメイス,2,25,hand,Hammer,0.0,12,2,4,5,3,4,7,0,0.0,0.0,0.0,0.0,0.0,0,銅製のヘッドを持つ儀礼的な打撃武器。実戦には少し柔らかすぎる。
100036,鉄のウォーハンマー,2,30,hand,Hammer,0.0,10,4,2,5,4,5,8,0,0.0,0.0,0.0,0.0,0.0,0,戦闘用に調整された鉄の戦槌。兜ごと頭蓋骨を粉砕する威力がある。
100037,モーニングスター,3,35,hand,Hammer,0.0,11,8,6,7,8,10,9,0,0.0,0.0,0.0,0.0,0.0,0,柄の先に棘付きの鉄球を取り付けた武器。朝の星のような形状から名付けられた。
100038,司祭のメイス,3,40,hand,Hammer,0.0,13,6,10,6,7,8,10,0,0.0,0.0,0.0,0.0,0.0,0,聖職者が護身用に持つメイス。刃を持たないため、戒律に触れないとされる。
100039,スパイククラブ,3,45,hand,Hammer,0.0,15,7,8,8,9,3,7,0,0.0,0.0,0.0,0.0,0.0,0,無数の鋭い棘が生えた凶悪な棍棒。殴打と刺突を同時に行う。
100040,丈夫なロープ,1,1,hand,Whip,0.0,5,2,1,0,2,0,2,0,0.0,0.0,0.0,0.0,0.0,0,荷縛り用の麻縄。振り回して牽制することはできるが、威力は低い。
100041,革のムチ,1,5,hand,Whip,0.0,1,2,2,0,4,1,3,0,0.0,0.0,0.0,0.0,0.0,0,なめした牛革で作られた一般的なムチ。乾いた音と共に肌を打つ。
100042,家畜追いのムチ,1,10,hand,Whip,0.0,1,1,2,0,3,3,4,0,0.0,0.0,0.0,0.0,0.0,0,牛馬を誘導するために使われる長いムチ。大きな音が鳴るように作られている。
100043,イバラのムチ,1,15,hand,Whip,0.0,5,0,3,0,2,0,6,0,0.0,0.0,0.0,0.0,0.0,0,鋭いトゲを持つ植物の蔓を加工したムチ。引き裂くような傷を与える。
100044,鎖のムチ,2,20,hand,Whip,0.0,10,5,4,0,4,7,8,0,0.0,0.0,0.0,0.0,0.0,0,鉄の輪を繋ぎ合わせた金属製のムチ。重量があり、当たると骨が折れる。
100045,猛獣使いのムチ,2,25,hand,Whip,0.0,9,2,7,0,7,5,7,0,0.0,0.0,0.0,0.0,0.0,0,獰猛な獣を服従させるための特製ムチ。厚手の革が使われている。
100046,鉄球付きのムチ,2,30,hand,Whip,0.0,7,3,7,0,7,6,9,0,0.0,0.0,0.0,0.0,0.0,0,先端に小さな鉄の重りを仕込んだムチ。遠心力で破壊力を増している。
100047,スネークウィップ,3,35,hand,Whip,0.0,13,4,18,0,9,6,9,0,0.0,0.0,0.0,0.0,0.0,0,蛇の皮で作られたしなやかなムチ。予測不能な動きで敵を翻弄する。
100048,バラ鞭,3,40,hand,Whip,0.0,17,3,12,0,11,7,9,0,0.0,0.0,0.0,0.0,0.0,0,複数の細い革紐を束ねたムチ。一度の振りで無数のミミズ腫れを作る。
100049,テールウィップ,3,45,hand,Whip,0.0,13,4,11,0,9,13,9,0,0.0,0.0,0.0,0.0,0.0,0,魔物の尻尾を切断して加工したムチ。生物的な弾力性が残っている。
100050,樫の木の枝,1,1,hand,Wand,0.0,0,0,3,5,1,1,1,3,0.0,0.0,0.0,0.0,0.0,0,森で拾ったただの枝。微かに自然の魔力を帯びているかもしれない。
100051,見習いの杖,1,5,hand,Wand,0.0,0,0,1,6,1,2,3,3,0.0,0.0,0.0,0.0,0.0,0,魔術を学び始めた者が最初に手にする、装飾のないシンプルな杖。
100052,短いロッド,1,10,hand,Wand,0.0,0,0,0,6,3,1,2,4,0.0,0.0,0.0,0.0,0.0,0,片手で振りやすい長さの金属製の棒。打撃武器としても使える。
100053,宝石のない杖,1,15,hand,Wand,0.0,0,1,1,6,1,1,3,3,0.0,0.0,0.0,0.0,0.0,0,先端の魔石が欠落してしまった杖。魔力増幅効果は失われている。
100054,魔術師のワンド,2,20,hand,Wand,0.0,0,1,3,13,4,9,4,3,0.0,0.0,0.0,0.0,0.0,0,一般的な魔術師が使用する杖。魔力の通りが良い木材で作られている。
100055,癒しの杖,2,25,hand,Wand,0.0,0,4,4,11,2,9,1,4,0.0,0.0,0.0,0.0,0.0,0,聖なる祈りが込められた白木の杖。回復魔法の効果を僅かに高める。
100056,骨のワンド,2,30,hand,Wand,0.0,0,3,1,16,6,4,4,4,0.0,0.0,0.0,0.0,0.0,0,何らかの生物の骨を削り出して作られた杖。死霊術師が好んで使う。
100057,銅の錫杖,3,35,hand,Wand,0.0,0,2,6,22,9,11,2,5,0.0,0.0,0.0,0.0,0.0,0,輪のついた金具が音を鳴らす銅製の杖。精神を統一する効果がある。
100058,クリスタルロッド,3,40,hand,Wand,0.0,0,2,3,34,3,8,2,6,0.0,0.0,0.0,0.0,0.0,0,全身が水晶で作られた美しい杖。高い純度の魔力を宿している。
100059,老樹の杖,3,45,hand,Wand,0.0,0,6,1,25,11,7,1,7,0.0,0.0,0.0,0.0,0.0,0,長い年月を生きた樹木の枝から作られた大杖。自然の力が宿る。
100060,長い木の棒,1,1,hand,Staff,0.0,0,3,0,5,1,1,3,4,0.0,0.0,0.0,0.0,0.0,0,歩行の補助に使われるただの長い棒。リーチだけはある。
100061,旅の長杖,1,5,hand,Staff,0.0,0,2,0,4,2,2,2,4,0.0,0.0,0.0,0.0,0.0,0,旅人が山道で使う丈夫な杖。簡易的な武器としても機能する。
100062,修道士のスタッフ,1,10,hand,Staff,0.0,0,2,0,4,3,1,3,4,0.0,0.0,0.0,0.0,0.0,0,質素な生活を送る修道士の杖。打撃による自衛術にも適した形状。
100063,鉄突きの長杖,1,15,hand,Staff,0.0,1,1,0,4,2,2,5,2,0.0,0.0,0.0,0.0,0.0,0,先端を鉄で補強した木製の杖。地面に突き立てやすく、攻撃力も少し高い。
100064,賢者の遺木,2,20,hand,Staff,0.0,1,5,0,17,1,6,1,6,0.0,0.0,0.0,0.0,0.0,0,偉大な賢者が遺したとされる杖の複製品。微かな知恵を感じる。
100065,ドルイドの杖,2,25,hand,Staff,0.0,4,3,0,14,2,7,2,5,0.0,0.0,0.0,0.0,0.0,0,森の番人が持つ、蔦や葉が絡まった自然そのままの杖。
100066,バトルスタッフ,2,30,hand,Staff,0.0,3,6,0,14,4,3,6,2,0.0,0.0,0.0,0.0,0.0,0,両端に鉄の重りを付けた戦闘用の長杖。魔術よりも殴打を優先した設計。
100067,重い樫の杖,3,35,hand,Staff,0.0,4,13,0,23,4,6,2,5,0.0,0.0,0.0,0.0,0.0,0,密度の高い樫の木で作られた重量級の杖。筋力のない魔術師には扱えない。
100068,儀礼用の大杖,3,40,hand,Staff,0.0,0,6,0,29,5,10,3,4,0.0,0.0,0.0,0.0,0.0,0,祭祀で使われる装飾過多な杖。実戦向きではないが、魔力は高い。
100069,鋼鉄の長杖,3,45,hand,Staff,0.0,5,10,0,21,3,11,3,3,0.0,0.0,0.0,0.0,0.0,0,全体が鋼鉄で作られた極めて重い杖。もはや鉄パイプと変わらない。
100070,薪割りの斧,1,1,hand,Axe,0.0,4,1,2,0,2,1,4,0,0.0,0.0,0.0,0.0,0.0,0,日常生活で使われる斧。薪を割るための道具であり、戦闘用ではない。
100071,石の手斧,1,5,hand,Axe,0.0,3,0,1,0,4,2,5,0,0.0,0.0,0.0,0.0,0.0,0,石器時代から変わらぬ製法で作られた、石刃の斧。
100072,錆びたハチェット,1,10,hand,Axe,0.0,3,4,2,0,1,0,3,0,0.0,0.0,0.0,0.0,0.0,0,片手で扱える小型の斧だが、刃が錆びてボロボロになっている。
100073,銅の斧,1,15,hand,Axe,0.0,4,2,0,0,3,1,6,0,0.0,0.0,0.0,0.0,0.0,0,銅を鋳造して作られた斧。切れ味はそこそこだが、耐久性に難がある。
100074,バトルアックス,2,20,hand,Axe,0.0,15,6,2,0,5,2,7,0,0.0,0.0,0.0,0.0,0.0,0,戦闘用に設計された両刃の斧。重いが破壊力は抜群。
100075,狩人のトマホーク,2,25,hand,Axe,0.0,18,2,1,0,5,4,6,0,0.0,0.0,0.0,0.0,0.0,0,投擲も可能な軽量の斧。狩猟や野営で多目的に使われる。
100076,鉄の斧,2,30,hand,Axe,0.0,11,5,3,0,9,2,7,0,0.0,0.0,0.0,0.0,0.0,0,鉄を鍛えて作られた標準的な斧。木盾程度なら容易に粉砕する。
100077,ドワーフの小斧,3,35,hand,Axe,0.0,28,13,1,0,6,2,6,0,0.0,0.0,0.0,0.0,0.0,0,鉱山の民が使う、重心が低く頑丈な作りの斧。
100078,フランキスカ,3,40,hand,Axe,0.0,30,6,3,0,9,2,9,0,0.0,0.0,0.0,0.0,0.0,0,独特な湾曲を描く刃を持つ投げ斧。不規則な回転で敵を襲う。
100079,山賊の斧,3,45,hand,Great Axe,0.0,25,12,0,0,4,9,8,0,0.0,0.0,0.0,0.0,0.0,0,粗雑な作りだが威圧感のある巨大な斧。力任せに振り回すのに向く。
100080,巨木の斧,1,1,hand,Great Axe,0.0,4,4,0,0,1,1,4,0,0.0,0.0,0.0,0.0,0.0,0,大木を削り出して作った巨大な木槌のような斧。打撃力が高い。
100081,古びた大斧,1,5,hand,Great Axe,0.0,6,4,0,0,0,0,5,0,0.0,0.0,0.0,0.0,0.0,0,遺跡から発掘された年代物の大斧。刃こぼれが酷いが重量はある。
100082,石の大斧,1,10,hand,Great Axe,0.0,6,4,0,0,0,0,3,0,0.0,0.0,0.0,0.0,0.0,0,巨大な岩を磨いて作られた原始的な大斧。圧倒的な質量で押し潰す。
100083,ミノタウロスの斧,1,15,hand,Great Axe,0.0,5,5,0,0,0,0,6,0,0.0,0.0,0.0,0.0,0.0,0,牛頭の怪物が持つような野蛮なデザインの大斧。
100084,鉄の大戦斧,2,20,hand,Great Axe,0.0,20,7,0,0,3,0,7,0,0.0,0.0,0.0,0.0,0.0,0,戦争用に作られた無骨な鉄の大斧。一振りで複数の敵を薙ぎ払う。
100085,バーバリアンアックス,2,25,hand,Great Axe,0.0,20,7,0,0,2,1,6,0,0.0,0.0,0.0,0.0,0.0,0,野蛮な部族が使う粗野な大斧。切れ味よりも破壊力を重視している。
100086,重厚なブロードアックス,2,30,hand,Great Axe,0.0,15,10,0,0,3,2,7,0,0.0,0.0,0.0,0.0,0.0,0,幅広い刃を持つ重い斧。首切り役人が使うこともある。
100087,鋼鉄のポールアックス,3,35,hand,Great Axe,0.0,23,17,0,0,3,7,6,0,0.0,0.0,0.0,0.0,0.0,0,長い柄の先に斧と槍の穂先を付けた複合武器。
100088,クレセントアックス,3,40,hand,Great Axe,0.0,31,11,0,0,4,4,9,0,0.0,0.0,0.0,0.0,0.0,0,三日月型の美しい刃を持つ大斧。優雅さと破壊力を兼ね備える。
100089,破壊の大斧,3,45,hand,Great Axe,0.0,20,17,0,0,7,6,8,0,0.0,0.0,0.0,0.0,0.0,0,すべてを破壊するために作られた禍々しい大斧。制御が難しい。
100090,子供のパチンコ,1,1,hand,Bow,0.0,0,0,4,0,4,2,1,0,0.0,0.0,0.0,0.0,0.0,0,Ｙ字の枝にゴムを張ったおもちゃ。小石を飛ばして遊ぶ。
100091,練習用のショートボウ,1,5,hand,Bow,0.0,2,0,2,0,6,0,2,0,0.0,0.0,0.0,0.0,0.0,0,弦の張力が弱く、引きやすい小型の弓。初心者の訓練用。
100092,狩人の弓,1,10,hand,Bow,0.0,0,0,0,0,7,3,4,0,0.0,0.0,0.0,0.0,0.0,0,獣を狩るために作られた実用的な弓。扱いやすく軽量。
100093,樫のロングボウ,1,15,hand,Bow,0.0,1,0,0,0,7,2,3,0,0.0,0.0,0.0,0.0,0.0,0,弾力のある樫の木を使った長弓。射程が長く、威力も高い。
100094,コンポジットボウ,2,20,hand,Bow,0.0,3,0,8,0,11,8,2,0,0.0,0.0,0.0,0.0,0.0,0,木や骨など複数の素材を組み合わせた複合弓。小型だが強力。
100095,兵士の弓,2,25,hand,Bow,0.0,2,0,8,0,16,4,4,0,0.0,0.0,0.0,0.0,0.0,0,軍隊で支給される量産型の弓。標準的な性能を持ち、耐久性が高い。
100096,ライトクロスボウ,2,30,hand,Bow,0.0,3,0,15,0,8,4,3,0,0.0,0.0,0.0,0.0,0.0,0,機械式の引き金を持つ小型の弩。力のない者でも扱える。
100097,エルフの古弓,3,35,hand,Bow,0.0,4,0,16,0,21,9,5,0,0.0,0.0,0.0,0.0,0.0,0,森林の民に伝わる伝統的な弓。美しい装飾が施されている。
100098,鉄製の弓,3,40,hand,Bow,0.0,3,0,14,0,22,11,6,0,0.0,0.0,0.0,0.0,0.0,0,全体が金属で作られた強弓。引くにはかなりの腕力が必要。
100099,強化ロングボウ,3,45,hand,Bow,0.0,3,0,20,0,17,10,5,0,0.0,0.0,0.0,0.0,0.0,0,弦や素材を強化し、飛距離を伸ばした長弓。
100100,自作の豆鉄砲,1,1,hand,Firearm,0.0,3,0,0,0,5,2,1,0,0.0,0.0,0.0,0.0,0.0,0,筒に火薬を詰めただけの手作り銃。爆発する危険性がある。
100101,古びたピストル,1,5,hand,Firearm,0.0,0,0,3,0,6,1,2,0,0.0,0.0,0.0,0.0,0.0,0,骨董品屋にありそうな古い拳銃。まともに弾が出るか怪しい。
100102,錆びたマスケット,1,10,hand,Firearm,0.0,1,0,4,0,1,4,3,0,0.0,0.0,0.0,0.0,0.0,0,長い銃身を持つ先込め式の銃。錆びついており命中精度は低い。
100103,護身用の短銃,1,15,hand,Firearm,0.0,0,0,3,0,6,1,4,0,0.0,0.0,0.0,0.0,0.0,0,懐に隠し持てる小型の拳銃。威力は低いが緊急時に役立つ。
100104,猟師のライフル,2,20,hand,Firearm,0.0,5,0,5,0,12,8,5,0,0.0,0.0,0.0,0.0,0.0,0,遠くの獲物を狙うための長銃。スコープなどは付いていない旧式。
100105,フリントロック式拳銃,2,25,hand,Firearm,0.0,6,0,6,0,12,6,5,0,0.0,0.0,0.0,0.0,0.0,0,火打石を使って着火する旧式の拳銃。装填に時間がかかる。
100106,海賊の銃,2,30,hand,Firearm,0.0,5,0,6,0,13,6,4,0,0.0,0.0,0.0,0.0,0.0,0,荒っぽい扱いに耐える頑丈な銃。近距離での威力を重視している。
100107,二連式ショットガン,3,35,hand,Firearm,0.0,8,0,12,0,21,9,3,0,0.0,0.0,0.0,0.0,0.0,0,二つの銃身を持つ散弾銃。広範囲に弾をばら撒く。
100108,ハンドキャノン,3,40,hand,Firearm,0.0,9,0,14,0,21,6,4,0,0.0,0.0,0.0,0.0,0.0,0,まるで小型の大砲のような巨大な拳銃。反動が凄まじい。
100109,改造リボルバー,3,45,hand,Firearm,0.0,9,0,13,0,21,7,6,0,0.0,0.0,0.0,0.0,0.0,0,回転式拳銃を違法に改造したもの。連射性能が向上している。
100110,竹槍,1,1,hand,Spear,0.0,4,2,2,0,1,1,3,0,0.0,0.0,0.0,0.0,0.0,0,竹の先端を斜めに切って尖らせただけの即席武器。脆いが刺されば痛い。
100111,魚突きのモリ,1,5,hand,Spear,0.0,6,1,0,0,3,0,4,0,0.0,0.0,0.0,0.0,0.0,0,魚を捕るための、返しがついた銛。陸上の戦闘には不向き。
100112,錆びたスピア,1,10,hand,Spear,0.0,1,4,0,0,3,2,3,0,0.0,0.0,0.0,0.0,0.0,0,金属の穂先が錆びた槍。突き刺さりにくいが、傷口が化膿しやすい。
100113,銅の槍,1,15,hand,Spear,0.0,5,2,0,0,2,1,4,0,0.0,0.0,0.0,0.0,0.0,0,銅製の穂先を持つ安価な槍。柔らかいため、硬い鎧には弾かれる。
100114,兵士のパルチザン,2,20,hand,Spear,0.0,7,4,7,0,10,2,5,0,0.0,0.0,0.0,0.0,0.0,0,穂先の根元に枝刃が付いた槍。受け流しや切り払いも可能。
100115,鉄のランス,2,25,hand,Spear,0.0,9,5,6,0,8,2,5,0,0.0,0.0,0.0,0.0,0.0,0,騎兵が突撃に使う円錐形の巨大な槍。徒歩で扱うには重すぎる。
100116,十文字槍,2,30,hand,Spear,0.0,13,4,3,0,5,5,6,0,0.0,0.0,0.0,0.0,0.0,0,穂先が十字の形をした東方の槍。横に払って敵を攻撃できる。
100117,歩兵の長槍,3,35,hand,Spear,0.0,11,8,9,0,16,6,4,0,0.0,0.0,0.0,0.0,0.0,0,密集陣形を組むための非常に長い槍。敵を遠ざけるのに最適。
100118,ジャベリン,3,40,hand,Spear,0.0,14,10,6,0,17,3,6,0,0.0,0.0,0.0,0.0,0.0,0,投げることに特化した軽量の槍。数本まとめて持ち歩くことが多い。
100119,鋼鉄のトライデント,3,45,hand,Spear,0.0,13,10,12,0,13,2,6,0,0.0,0.0,0.0,0.0,0.0,0,三又に分かれた穂先を持つ槍。海に関連する戦士が好む。
100120,農夫の麦打ち棒,1,1,hand,Flail,0.0,5,0,0,0,5,0,2,0,0.0,0.0,0.0,0.0,0.0,0,穀物の脱穀に使われる農具。二本の棒が連結されており、フレイルの原型。
100121,錆びたフレイル,1,5,hand,Flail,0.0,4,0,1,0,2,3,3,0,0.0,0.0,0.0,0.0,0.0,0,鎖と鉄球が錆びついた打撃武器。回転が悪く、扱いづらい。
100122,鎖鎌,1,10,hand,Flail,0.0,4,1,0,0,4,1,5,0,0.0,0.0,0.0,0.0,0.0,0,草刈り鎌に鎖と分銅を付けた農具由来の武器。絡め取って切り裂く。
100123,木のヌンチャク,1,15,hand,Flail,0.0,1,1,0,0,6,2,3,0,0.0,0.0,0.0,0.0,0.0,0,二本の木の棒を紐で繋いだ武器。武術の稽古に使われる。
100124,鋼鉄の多節棍,2,20,hand,Flail,0.0,15,3,4,0,6,2,4,0,0.0,0.0,0.0,0.0,0.0,0,三本の金属棒を鎖で繋いだ武器。リーチが長く、動きが読めない。
100125,重い鉄鎖,2,25,hand,Flail,0.0,15,0,1,0,12,2,5,0,0.0,0.0,0.0,0.0,0.0,0,囚人を拘束していた太い鎖。ただ振り回すだけで脅威となる。
100126,スパイクフレイル,2,30,hand,Flail,0.0,7,7,2,0,10,4,4,0,0.0,0.0,0.0,0.0,0.0,0,棘付きの鉄球を持つフレイル。遠心力で棘が深く食い込む。
100127,鉄球のフレイル,3,35,hand,Flail,0.0,24,5,5,0,11,5,6,0,0.0,0.0,0.0,0.0,0.0,0,シンプルな鉄球を鎖で繋いだ武器。盾を乗り越えて頭を砕く。
100128,戦士のモーニングスター,3,40,hand,Flail,0.0,19,3,4,0,16,8,6,0,0.0,0.0,0.0,0.0,0.0,0,棘付き鉄球を持つ柄の短い連接棍。乱戦で威力を発揮する。
100129,ダブルフレイル,3,45,hand,Flail,0.0,22,5,6,0,8,9,4,0,0.0,0.0,0.0,0.0,0.0,0,柄の両端、または二つの鉄球が付いたフレイル。扱いは極めて難しい。
200000,布の帽子,1,1,head_top,0,0.0,2,1,1,1,2,3,0,0,0.0,2.0,0.0,0.0,0.0,0,どこにでもある普通の帽子
200001,赤いリボン,1,1,head_top,0,0.0,1,1,3,0,3,2,0,0,0.0,1.0,0.0,0.0,0.0,0,俊敏さが少し上がるリボン
200002,鉄のカブト,1,1,head_top,0,0.0,0,5,1,0,0,4,0,0,10.0,2.0,0.0,0.0,0.0,0.0,頭をしっかり守る鉄製の兜
200003,古いバンダナ,1,5,head_top,0,0.0,0,5,2,1,0,2,0,0,2.0,1.0,0.0,0.0,0.0,0,古いバンダナ。頭部を保護する一般的な被り物。
200004,ボロ布のフード,1,5,head_top,0,0.0,0,5,3,1,0,1,0,0,1.0,1.0,0.0,0.0,0.0,0,ボロ布のフード。日差しや衝撃から頭を守る。
200005,草編みの帽子,1,5,head_top,0,0.0,0,2,4,2,0,2,0,0,2.0,1.0,0.0,0.0,0.0,0,冒険者のスタンダードな装備。
200006,素朴なターバン,1,10,head_top,0,0.0,0,2,1,2,3,2,0,0,1.0,1.0,0.0,0.0,0.0,0,素朴なターバン。日差しや衝撃から頭を守る。
200007,旅路の帽子,1,10,head_top,0,0.0,0,4,2,3,1,0,0,0,0.0,1.0,0.0,0.0,0.0,0,シンプルなデザインの頭装備。
200008,木製の兜,1,10,head_top,0,0.0,0,1,3,2,3,1,0,0,2.0,2.0,0.0,0.0,0.0,0,日差しや衝撃から頭を守る。
200009,薄汚れた頭巾,2,15,head_top,0,0.0,0,9,9,6,1,5,0,0,3.0,2.0,0.0,0.0,0.0,0,薄汚れた頭巾。頭部を保護する一般的な被り物。
200010,皮の鉢金,2,15,head_top,0,0.0,0,11,3,7,2,7,0,0,2.0,2.0,0.0,0.0,0.0,0,冒険者のスタンダードな装備。
200011,手編みのベレー帽,2,15,head_top,0,0.0,0,10,6,7,3,4,0,0,2.0,2.0,0.0,0.0,0.0,0,冒険者のスタンダードな装備。
200012,農民の麦わら帽,2,20,head_top,0,0.0,0,15,2,6,3,4,0,0,4.0,2.0,0.0,0.0,0.0,0,頭部を保護する一般的な被り物。
200013,錆びた鉄兜,2,20,head_top,0,0.0,0,8,8,3,4,7,0,0,8.0,2.0,0.0,0.0,0.0,0,錆びた鉄兜。冒険者のスタンダードな装備。
200014,見習い戦士の兜,2,20,head_top,0,0.0,0,11,6,5,4,4,0,0,0.0,2.0,0.0,0.0,0.0,0,日差しや衝撃から頭を守る。
200015,使い古した皮の帽子,2,25,head_top,0,0.0,0,12,4,5,4,5,0,0,3.0,3.0,0.0,0.0,0.0,0,日差しや衝撃から頭を守る。
200016,銅のサークレット,2,25,head_top,0,0.0,0,14,9,4,0,3,0,0,5.0,3.0,0.0,0.0,0.0,0,銅のサークレット。頭部を保護する一般的な被り物。
200017,羊皮紙の魔導帽,2,25,head_top,0,0.0,0,12,9,4,3,2,0,0,12.0,3.0,0.0,0.0,0.0,0,冒険者のスタンダードな装備。
200018,迷子の頭巾,3,30,head_top,0,0.0,0,11,12,14,4,9,0,0,5.0,3.0,0.0,0.0,0.0,0,冒険者のスタンダードな装備。
200019,森の枝葉の冠,3,30,head_top,0,0.0,0,23,12,3,6,6,0,0,5.0,3.0,0.0,0.0,0.0,0,頭部を保護する一般的な被り物。
200020,町の衛兵の兜,3,30,head_top,0,0.0,0,17,9,15,5,4,0,0,4.0,3.0,0.0,0.0,0.0,0,日差しや衝撃から頭を守る。
200021,簡素な鉄鉢,3,35,head_top,0,0.0,0,19,11,9,5,6,0,0,9.0,3.0,0.0,0.0,0.0,0,シンプルなデザインの頭装備。
200022,魔物避けのハチマキ,3,35,head_top,0,0.0,0,19,11,7,4,9,0,0,10.0,3.0,0.0,0.0,0.0,0,冒険者のスタンダードな装備。
200023,粗末な鎖帷子兜,3,35,head_top,0,0.0,0,14,12,11,3,10,0,0,3.0,4.0,0.0,0.0,0.0,0,シンプルなデザインの頭装備。
200024,冒険家のハット,3,40,head_top,0,0.0,0,16,14,7,1,12,0,0,3.0,4.0,0.0,0.0,0.0,0,シンプルなデザインの頭装備。
200025,銀メッキの兜,3,40,head_top,0,0.0,0,19,14,9,4,4,0,0,11.0,4.0,0.0,0.0,0.0,0,頭部を保護する一般的な被り物。
200026,古びた祭儀の頭飾り,3,40,head_top,0,0.0,0,12,19,7,4,8,0,0,0.0,4.0,0.0,0.0,0.0,0,シンプルなデザインの頭装備。
200027,炭鉱夫のヘルメット,4,45,head_top,0,0.0,0,23,12,20,6,9,0,0,8.0,4.0,0.0,0.0,0.0,0,頭部を保護する一般的な被り物。
200028,狩人の皮頭巾,4,45,head_top,0,0.0,0,15,17,12,11,15,0,0,2.0,4.0,0.0,0.0,0.0,0,冒険者のスタンダードな装備。
200029,傷だらけの軽兜,4,45,head_top,0,0.0,0,28,14,13,8,7,0,0,1.0,4.0,0.0,0.0,0.0,0,シンプルなデザインの頭装備。
200030,祭りの被り物,4,50,head_top,0,0.0,0,25,16,15,5,9,0,0,7.0,4.0,0.0,0.0,0.0,0,頭部を保護する一般的な被り物。
300000,度付きメガネ,1,1,head_mid,0,0.0,0,0,0,3,7,0,0,0,0.0,4.0,0.0,0.0,0.0,0,視界がクリアになるメガネ
300001,狙撃のモノクル,1,1,head_mid,0,0.0,0,0,0,0,7,3,0,0,1.0,0.0,0.0,0.0,0.0,0,獲物を正確に捉える単眼鏡
300002,怪しい目隠し,1,1,head_mid,0,0.0,6,0,2,1,-2,3,0,0,3.0,0.0,0.0,0.0,0.0,0,視界を遮り感覚を研ぎ澄ます
300003,オンボロ眼帯,1,5,head_mid,0,0.0,0,1,3,1,3,2,0,0,3.0,0.0,0.0,0.0,0.0,0,顔に装着するアイテム。
300004,くすんだメガネ,1,5,head_mid,0,0.0,0,3,1,3,3,0,0,0,2.0,0.0,0.0,0.0,0.0,0,顔に装着するアイテム。
300005,簡素なマスク,1,5,head_mid,0,0.0,0,2,2,5,1,0,0,0,4.0,0.0,0.0,0.0,0.0,0,簡素なマスク。視界を補助する効果がある。
300006,訓練用鉢巻き,1,10,head_mid,0,0.0,0,1,3,2,2,2,0,0,3.0,0.0,0.0,0.0,0.0,0,訓練用鉢巻き。視界を補助する効果がある。
300007,木製ゴーグル,1,10,head_mid,0,0.0,0,0,1,3,3,3,0,0,5.0,0.0,0.0,0.0,0.0,0,顔に装着するアイテム。
300008,布の目隠し,1,10,head_mid,0,0.0,0,2,3,4,0,1,0,0,3.0,0.0,0.0,0.0,0.0,0,顔に装着するアイテム。
300009,怪しい鼻眼鏡,2,15,head_mid,0,0.0,0,4,3,7,12,4,0,0,4.0,0.0,0.0,0.0,0.0,0,怪しい鼻眼鏡。個性的なデザインの装飾。
300010,革製フェイスガード,2,15,head_mid,0,0.0,0,1,10,6,4,9,0,0,7.0,0.0,0.0,0.0,0.0,0,革製フェイスガード。視界を補助する効果がある。
300011,旅の鼻あて,2,15,head_mid,0,0.0,0,4,3,10,7,6,0,0,5.0,0.0,0.0,0.0,0.0,0,旅の鼻あて。顔に装着するアイテム。
300012,鉄製モノクル,2,20,head_mid,0,0.0,0,6,7,6,5,6,0,0,10.0,0.0,0.0,0.0,0.0,0,視界を補助する効果がある。
300013,生徒の伊達メガネ,2,20,head_mid,0,0.0,0,5,2,10,4,9,0,0,3.0,0.0,0.0,0.0,0.0,0,視界を補助する効果がある。
300014,狩人のフェイスペイント,2,20,head_mid,0,0.0,0,6,7,14,1,2,0,0,4.0,0.0,0.0,0.0,0.0,0,個性的なデザインの装飾。
300015,呪われた片眼鏡,2,25,head_mid,0,0.0,0,5,3,8,6,8,0,0,5.0,0.0,0.0,0.0,0.0,0,顔の印象を変える装飾品。
300016,傷だらけのゴーグル,2,25,head_mid,0,0.0,0,4,3,9,6,8,0,0,5.0,0.0,0.0,0.0,0.0,0,個性的なデザインの装飾。
300017,粗末な口当て,2,25,head_mid,0,0.0,0,2,6,6,7,9,0,0,6.0,0.0,0.0,0.0,0.0,0,粗末な口当て。顔の印象を変える装飾品。
300018,漁師のサングラス,3,30,head_mid,0,0.0,0,7,11,14,10,8,0,0,9.0,0.0,0.0,0.0,0.0,0,視界を補助する効果がある。
300019,軽装の目隠し,3,30,head_mid,0,0.0,0,8,12,9,10,11,0,0,5.0,0.0,0.0,0.0,0.0,0,軽装の目隠し。個性的なデザインの装飾。
300020,雑草の冠,3,30,head_mid,0,0.0,0,5,13,10,11,11,0,0,8.0,0.0,0.0,0.0,0.0,0,個性的なデザインの装飾。
300021,泥まみれの覆面,3,35,head_mid,0,0.0,0,9,5,14,15,7,0,0,7.0,0.0,0.0,0.0,0.0,0,顔に装着するアイテム。
300022,薬草師のマスク,3,35,head_mid,0,0.0,0,6,10,14,8,12,0,0,4.0,0.0,0.0,0.0,0.0,0,顔の印象を変える装飾品。
300023,迷彩布,3,35,head_mid,0,0.0,0,6,12,9,12,11,0,0,3.0,0.0,0.0,0.0,0.0,0,顔の印象を変える装飾品。
300024,錆びた眼鏡,3,40,head_mid,0,0.0,0,5,5,15,14,11,0,0,8.0,0.0,0.0,0.0,0.0,0,視界を補助する効果がある。
300025,細工師のルーペ,3,40,head_mid,0,0.0,0,9,10,9,11,11,0,0,7.0,0.0,0.0,0.0,0.0,0,個性的なデザインの装飾。
300026,粗末な鼻当て,3,40,head_mid,0,0.0,0,8,12,9,7,14,0,0,7.0,0.0,0.0,0.0,0.0,0,視界を補助する効果がある。
300027,教会信者のマスク,4,45,head_mid,0,0.0,0,12,14,23,9,12,0,0,4.0,0.0,0.0,0.0,0.0,0,教会信者のマスク。顔に装着するアイテム。
300028,行商人の眼帯,4,45,head_mid,0,0.0,0,6,16,21,16,11,0,0,11.0,0.0,0.0,0.0,0.0,0,個性的なデザインの装飾。
300029,衛兵のフェイスガード,4,45,head_mid,0,0.0,0,14,17,9,16,14,0,0,9.0,0.0,0.0,0.0,0.0,0,顔に装着するアイテム。
300030,旅人のマスク,4,50,head_mid,0,0.0,0,8,14,20,16,12,0,0,5.0,0.0,0.0,0.0,0.0,0,顔の印象を変える装飾品。
400000,冒険者のマスク,1,1,head_low,0,0.0,1,3,0,1,0,5,0,0,4.0,1.0,0.0,0.0,0.0,0.0,埃を防ぐ冒険者の必需品
400001,鉄の猿ぐつわ,1,1,head_low,0,0.0,5,1,1,0,1,2,0,0,12.0,0.0,0.0,0.0,0.0,0,呼吸を制限して筋力を高める
400002,癒しのマフラー,1,1,head_low,0,0.0,0,3,0,2,0,5,0,0,0.0,5.0,0.0,0.0,0.0,0.0,体を温め体力を回復させる
400003,ボロの布マスク,1,5,head_low,0,0.0,0,2,3,3,1,1,0,0,6.0,0.0,0.0,0.0,0.0,0,ボロの布マスク。首元の保護にもなる。
400004,薄汚れた手ぬぐい,1,5,head_low,0,0.0,0,4,1,1,1,3,0,0,1.0,0.0,0.0,0.0,0.0,0,口元を覆う装備品。
400005,訓練用フェイスガード,1,5,head_low,0,0.0,0,4,2,0,2,2,0,0,8.0,0.0,0.0,0.0,0.0,0,訓練用フェイスガード。口元を覆う装備品。
400006,革製の口当て,1,10,head_low,0,0.0,0,5,1,1,0,3,0,0,5.0,0.0,0.0,0.0,0.0,0,革製の口当て。首元の保護にもなる。
400007,風避けのマフラー,1,10,head_low,0,0.0,1,4,2,1,2,0,0,0,2.0,0.0,0.0,0.0,0.0,0,口元を覆う装備品。
400008,簡素な鼻あて,1,10,head_low,0,0.0,0,4,0,1,2,3,0,0,1.0,0.0,0.0,0.0,0.0,0,埃や砂を防ぐマスク。
400009,羊毛のネックウォーマー,2,15,head_low,0,0.0,3,10,6,2,3,6,0,0,4.0,0.0,0.0,0.0,0.0,0,羊毛のネックウォーマー。首元の保護にもなる。
400010,盗賊の覆面,2,15,head_low,0,0.0,3,15,4,1,3,4,0,0,4.0,0.0,0.0,0.0,0.0,0,盗賊の覆面。首元の保護にもなる。
400011,旅人のスカーフ,2,15,head_low,0,0.0,2,10,8,2,2,6,0,0,6.0,0.0,0.0,0.0,0.0,0,口元を覆う装備品。
400012,獣の皮の口当て,2,20,head_low,0,0.0,3,12,6,0,3,6,0,0,5.0,0.0,0.0,0.0,0.0,0,口元を覆う装備品。
400013,炭鉱のマスク,2,20,head_low,0,0.0,3,14,3,2,4,4,0,0,4.0,0.0,0.0,0.0,0.0,0,口元を覆う装備品。
400014,粗末な耳当て,2,20,head_low,0,0.0,3,7,3,3,2,12,0,0,5.0,0.0,0.0,0.0,0.0,0,首元の保護にもなる。
400015,見習いのマスク,2,25,head_low,0,0.0,1,14,4,3,3,5,0,0,4.0,0.0,0.0,0.0,0.0,0,首元の保護にもなる。
400016,呪い避けのバンダナ,2,25,head_low,0,0.0,1,10,5,4,3,7,0,0,1.0,0.0,0.0,0.0,0.0,0,首元の保護にもなる。
400017,鉄製の口輪,2,25,head_low,0,0.0,3,13,4,1,3,6,0,0,11.0,0.0,0.0,0.0,0.0,0,埃や砂を防ぐマスク。
400018,薬草師のマスク,3,30,head_low,0,0.0,7,23,6,1,7,6,0,0,6.0,0.0,0.0,0.0,0.0,0,首元の保護にもなる。
400019,麻のネックゲイター,3,30,head_low,0,0.0,3,20,7,6,4,10,0,0,7.0,0.0,0.0,0.0,0.0,0,埃や砂を防ぐマスク。
400020,兵士の顎当て,3,30,head_low,0,0.0,3,22,8,5,4,8,0,0,8.0,0.0,0.0,0.0,0.0,0,口元を覆う装備品。
400021,破れたマスク,3,35,head_low,0,0.0,3,21,15,3,1,7,0,0,5.0,0.0,0.0,0.0,0.0,0,破れたマスク。口元を覆う装備品。
400022,感染予防の布,3,35,head_low,0,0.0,4,17,13,2,3,11,0,0,1.0,0.0,0.0,0.0,0.0,0,埃や砂を防ぐマスク。
400023,釣り人のネックガード,3,35,head_low,0,0.0,3,25,9,2,2,9,0,0,8.0,0.0,0.0,0.0,0.0,0,埃や砂を防ぐマスク。
400024,雑草の口当て,3,40,head_low,0,0.0,1,25,3,3,5,13,0,0,8.0,0.0,0.0,0.0,0.0,0,埃や砂を防ぐマスク。
400025,簡素な防寒布,3,40,head_low,0,0.0,2,22,12,5,2,7,0,0,1.0,0.0,0.0,0.0,0.0,0,埃や砂を防ぐマスク。
400026,隠密のマスク,3,40,head_low,0,0.0,4,25,4,3,5,9,0,0,6.0,0.0,0.0,0.0,0.0,0,呼吸を妨げない作り。
400027,汚れた布きれ,4,45,head_low,0,0.0,9,31,12,4,6,8,0,0,2.0,0.0,0.0,0.0,0.0,0,口元を覆う装備品。
400028,行商人の口覆い,4,45,head_low,0,0.0,6,39,7,5,8,5,0,0,10.0,0.0,0.0,0.0,0.0,0,口元を覆う装備品。
400029,兵隊の鼻当て,4,45,head_low,0,0.0,4,31,6,4,11,14,0,0,10.0,0.0,0.0,0.0,0.0,0,兵隊の鼻当て。呼吸を妨げない作り。
400030,旅路の顔覆い,4,50,head_low,0,0.0,6,31,5,3,9,16,0,0,11.0,0.0,0.0,0.0,0.0,0,口元を覆う装備品。
500000,銅のネックレス,1,1,neck,0,0.0,4,1,1,1,1,2,0,0,7.0,2.0,0.0,0.0,0.0,0,お守り代わりに最適な首飾り
500001,狂戦士の首輪,1,1,neck,0,0.0,8,-2,2,0,0,2,0,0,1.0,-2.0,0.0,0.0,0.0,0,理性を失い攻撃に特化する
500002,真珠のペンダント,1,1,neck,0,0.0,0,2,0,5,0,3,0,0,0.0,10.0,0.0,0.0,0.0,0.0,精神を安定させる美しい宝石
500003,粗末な首飾り,1,5,neck,0,0.0,0,2,1,1,1,5,0,0,2.0,0.0,0.0,0.0,0.0,0,お守りとしての効果もある。
500004,旅人のアミュレット,1,5,neck,0,0.0,0,3,1,3,1,2,0,0,3.0,0.0,0.0,0.0,0.0,0,首元を飾るシンプルな装飾品。
500005,銅のロケット,1,5,neck,0,0.0,0,0,1,3,1,5,0,0,9.0,0.0,0.0,0.0,0.0,0,首元を飾るシンプルな装飾品。
500006,獣の牙の首飾り,1,10,neck,0,0.0,1,0,3,2,3,1,0,0,1.0,0.0,0.0,0.0,0.0,0,お守りとしての効果もある。
500007,汚れた絹のスカーフ,1,10,neck,0,0.0,1,4,1,1,0,3,0,0,3.0,0.0,0.0,0.0,0.0,0,職人の手による装飾。
500008,呪われたチョーカー,1,10,neck,0,0.0,0,2,1,2,1,4,0,0,2.0,0.0,0.0,0.0,0.0,0,お守りとしての効果もある。
500009,木のビーズネックレス,2,15,neck,0,0.0,3,2,6,12,0,7,0,0,5.0,0.0,0.0,0.0,0.0,0,職人の手による装飾。
500010,毒消しのペンダント,2,15,neck,0,0.0,0,3,4,11,0,12,0,0,4.0,0.0,0.0,0.0,0.0,0,微かな魔力を帯びた首飾り。
500011,錆びたチェーン,2,15,neck,0,0.0,1,4,2,8,3,12,0,0,8.0,0.0,0.0,0.0,0.0,0,微かな魔力を帯びた首飾り。
500012,見習い魔術師のメダル,2,20,neck,0,0.0,0,5,3,13,2,7,0,0,15.0,0.0,0.0,0.0,0.0,0,首元を飾るシンプルな装飾品。
500013,軽鉄の首輪,2,20,neck,0,0.0,2,4,6,8,0,10,0,0,12.0,0.0,0.0,0.0,0.0,0,微かな魔力を帯びた首飾り。
500014,信仰の簡素なロザリオ,2,20,neck,0,0.0,1,3,7,9,2,8,0,0,5.0,0.0,0.0,0.0,0.0,0,お守りとしての効果もある。
500015,漁師のペンダント,2,25,neck,0,0.0,1,4,3,8,1,13,0,0,5.0,0.0,0.0,0.0,0.0,0,職人の手による装飾。
500016,小さな石のお守り,2,25,neck,0,0.0,1,3,3,9,6,8,0,0,4.0,0.0,0.0,0.0,0.0,0,首元を飾るシンプルな装飾品。
500017,風を呼ぶ羽の首飾り,2,25,neck,0,0.0,2,5,6,7,0,10,0,0,6.0,0.0,0.0,0.0,0.0,0,風を呼ぶ羽の首飾り。首元を飾るシンプルな装飾品。
500018,戦士の皮ひも,3,30,neck,0,0.0,0,6,5,20,3,16,0,0,5.0,0.0,0.0,0.0,0.0,0,微かな魔力を帯びた首飾り。
500019,泥棒のサイコロ,3,30,neck,0,0.0,4,7,6,17,3,13,0,0,7.0,0.0,0.0,0.0,0.0,0,泥棒のサイコロ。首元を飾るシンプルな装飾品。
500020,幸運の四つ葉,3,30,neck,0,0.0,6,5,6,16,2,15,0,0,9.0,0.0,0.0,0.0,0.0,0,首元を飾るシンプルな装飾品。
500021,破れたマントの切れ端,3,35,neck,0,0.0,7,10,5,10,1,17,0,0,8.0,0.0,0.0,0.0,0.0,0,お守りとしての効果もある。
500022,薬師の薬袋,3,35,neck,0,0.0,4,4,7,12,3,20,0,0,8.0,0.0,0.0,0.0,0.0,0,お守りとしての効果もある。
500023,鉛のネックレス,3,35,neck,0,0.0,1,7,6,14,2,20,0,0,8.0,0.0,0.0,0.0,0.0,0,微かな魔力を帯びた首飾り。
500024,銅のコインペンダント,3,40,neck,0,0.0,6,4,9,11,3,17,0,0,9.0,0.0,0.0,0.0,0.0,0,職人の手による装飾。
500025,護身用の鈴,3,40,neck,0,0.0,5,6,10,10,3,16,0,0,7.0,0.0,0.0,0.0,0.0,0,首元を飾るシンプルな装飾品。
500026,隠された地図の筒,3,40,neck,0,0.0,4,6,4,19,3,14,0,0,8.0,0.0,0.0,0.0,0.0,0,お守りとしての効果もある。
500027,粗雑な護符,4,45,neck,0,0.0,5,9,11,17,6,22,0,0,10.0,0.0,0.0,0.0,0.0,0,粗雑な護符。微かな魔力を帯びた首飾り。
500028,毒蛇の抜け殻,4,45,neck,0,0.0,3,9,8,18,6,26,0,0,11.0,0.0,0.0,0.0,0.0,0,お守りとしての効果もある。
500029,名も無き英雄のメダル,4,45,neck,0,0.0,2,13,7,22,9,17,0,0,11.0,0.0,0.0,0.0,0.0,0,職人の手による装飾。
500030,小さな太陽のペンダント,4,50,neck,0,0.0,4,8,12,16,6,24,0,0,12.0,0.0,0.0,0.0,0.0,0,微かな魔力を帯びた首飾り。
600000,丸いピアス,1,1,ear,0,0.0,2,2,2,0,3,1,0,0,1.0,1.0,0.0,0.0,0.0,0,シンプルな形の耳飾り
600001,風切りの羽飾り,1,1,ear,0,0.0,0,0,10,0,0,0,0,0,1.0,0.0,0.0,0.0,0.0,0,風の加護を受けた羽のピアス
600002,錆びたピアス,1,1,ear,0,0.0,0,2,2,4,1,1,0,0,2.0,0.0,0.0,0.0,0.0,0,魔除けの意味を持つ耳飾り。
600003,小さな木片,1,5,ear,0,0.0,0,1,2,3,2,2,0,0,6.0,0.0,0.0,0.0,0.0,0,耳元で揺れる小さな装飾品。
600004,見習いの耳飾り,1,5,ear,0,0.0,0,2,2,3,2,1,0,0,2.0,0.0,0.0,0.0,0.0,0,見習いの耳飾り。耳元で揺れる小さな装飾品。
600005,銅のフープピアス,1,5,ear,0,0.0,0,1,3,3,2,1,0,0,9.0,0.0,0.0,0.0,0.0,0,精巧な作りのピアス。
600006,怪しい獣の毛,1,10,ear,0,0.0,0,0,3,3,3,1,0,0,3.0,0.0,0.0,0.0,0.0,0,怪しい獣の毛。耳元で揺れる小さな装飾品。
600007,無色のジェム,1,10,ear,0,0.0,0,0,2,6,2,0,0,0,2.0,0.0,0.0,0.0,0.0,0,無色のジェム。ワンポイントのオシャレ。
600008,布製の耳あて,1,10,ear,0,0.0,0,1,2,5,2,0,0,0,1.0,0.0,0.0,0.0,0.0,0,ワンポイントのオシャレ。
600009,漁師のピアス,2,15,ear,0,0.0,0,3,5,11,2,9,0,0,5.0,0.0,0.0,0.0,0.0,0,魔除けの意味を持つ耳飾り。
600010,旅人の耳飾り,2,15,ear,0,0.0,0,1,6,14,1,8,0,0,5.0,0.0,0.0,0.0,0.0,0,ワンポイントのオシャレ。
600011,風を呼ぶ羽根,2,15,ear,0,0.0,0,4,7,12,3,4,0,0,5.0,0.0,0.0,0.0,0.0,0,耳元で揺れる小さな装飾品。
600012,壊れたコンパス,2,20,ear,0,0.0,0,1,12,7,5,5,0,0,6.0,0.0,0.0,0.0,0.0,0,壊れたコンパス。精巧な作りのピアス。
600013,粗末な銀の輪,2,20,ear,0,0.0,0,2,2,17,2,7,0,0,15.0,0.0,0.0,0.0,0.0,0,耳元で揺れる小さな装飾品。
600014,薬草師のピアス,2,20,ear,0,0.0,0,2,10,9,3,6,0,0,5.0,0.0,0.0,0.0,0.0,0,薬草師のピアス。精巧な作りのピアス。
600015,呪われたピアス,2,25,ear,0,0.0,0,1,8,8,5,8,0,0,5.0,0.0,0.0,0.0,0.0,0,ワンポイントのオシャレ。
600016,軽い鎖のピアス,2,25,ear,0,0.0,0,1,6,12,8,3,0,0,9.0,0.0,0.0,0.0,0.0,0,魔除けの意味を持つ耳飾り。
600017,訓練のピアス,2,25,ear,0,0.0,0,3,6,13,2,6,0,0,4.0,0.0,0.0,0.0,0.0,0,精巧な作りのピアス。
600018,泥棒のサイン,3,30,ear,0,0.0,0,6,12,17,4,11,0,0,7.0,0.0,0.0,0.0,0.0,0,泥棒のサイン。ワンポイントのオシャレ。
600019,教会のロザリオ片,3,30,ear,0,0.0,0,3,10,20,7,10,0,0,9.0,0.0,0.0,0.0,0.0,0,教会のロザリオ片。魔除けの意味を持つ耳飾り。
600020,錆びた針金,3,30,ear,0,0.0,0,2,13,18,7,10,0,0,7.0,0.0,0.0,0.0,0.0,0,精巧な作りのピアス。
600021,冒険家の耳栓,3,35,ear,0,0.0,0,6,16,11,8,9,0,0,7.0,0.0,0.0,0.0,0.0,0,耳元で揺れる小さな装飾品。
600022,賢者の石の欠片,3,35,ear,0,0.0,0,3,10,20,6,11,0,0,9.0,0.0,0.0,0.0,0.0,0,ワンポイントのオシャレ。
600023,雑兵のピアス,3,35,ear,0,0.0,0,4,16,15,8,7,0,0,9.0,0.0,0.0,0.0,0.0,0,雑兵のピアス。ワンポイントのオシャレ。
600024,粗末な金の輪,3,40,ear,0,0.0,0,3,12,17,11,7,0,0,9.0,0.0,0.0,0.0,0.0,0,粗末な金の輪。魔除けの意味を持つ耳飾り。
600025,古代語のピアス,3,40,ear,0,0.0,0,3,18,19,4,6,0,0,1.0,0.0,0.0,0.0,0.0,0,ワンポイントのオシャレ。
600026,職人の小さな工具,3,40,ear,0,0.0,0,3,19,17,4,7,0,0,7.0,0.0,0.0,0.0,0.0,0,ワンポイントのオシャレ。
600027,騎士団の記章,4,45,ear,0,0.0,0,5,22,21,8,14,0,0,13.0,0.0,0.0,0.0,0.0,0,精巧な作りのピアス。
600028,魔除けの鈴,4,45,ear,0,0.0,0,5,19,24,12,10,0,0,15.0,0.0,0.0,0.0,0.0,0,魔除けの意味を持つ耳飾り。
600029,旅の思い出の品,4,45,ear,0,0.0,0,1,17,26,11,15,0,0,10.0,0.0,0.0,0.0,0.0,0,魔除けの意味を持つ耳飾り。
600030,空っぽの小瓶,4,50,ear,0,0.0,0,1,20,21,12,16,0,0,11.0,0.0,0.0,0.0,0.0,0,空っぽの小瓶。耳元で揺れる小さな装飾品。
700000,皮の服,1,1,body,0,0.0,2,4,1,2,0,1,0,0,1.0,5.0,0.0,0.0,0.0,0,野獣の皮を繋ぎ合わせた服
700001,見習いプレートメイル,1,1,body,0,0.0,2,6,-2,0,0,4,0,0,7.0,5.0,0.0,0.0,0.0,0.0,金属製の重厚な鎧
700002,魔導師のローブ,1,1,body,0,0.0,0,2,0,6,0,2,0,0,0.0,25.0,0.0,0.0,0.0,0.0,魔力を遮断する特殊な布の服
700003,見習いローブ,1,5,body,0,0.0,2,4,0,2,0,2,0,0,1.0,0.0,0.0,0.0,0.0,0,多くの冒険者が愛用する品。
700004,ボロの服,1,5,body,0,0.0,1,7,0,1,1,0,0,0,3.0,0.0,0.0,0.0,0.0,0,動きやすさを重視した服。
700005,農夫の作業着,1,5,body,0,0.0,0,4,3,2,1,0,0,0,3.0,0.0,0.0,0.0,0.0,0,標準的な防御力を持つ鎧。
700006,町の衛兵の軽鎧,1,10,body,0,0.0,1,7,0,2,0,0,0,0,5.0,0.0,0.0,0.0,0.0,0,多くの冒険者が愛用する品。
700007,修道士のローブ,1,10,body,0,0.0,0,5,2,1,1,1,0,0,3.0,0.0,0.0,0.0,0.0,0,修道士のローブ。身体を保護する基本的な防具。
700008,布のベスト,1,10,body,0,0.0,2,4,1,1,0,2,0,0,3.0,0.0,0.0,0.0,0.0,0,動きやすさを重視した服。
700009,皮の鎧,2,15,body,0,0.0,3,14,6,3,2,2,0,0,6.0,0.0,0.0,0.0,0.0,0,身体を保護する基本的な防具。
700010,薄手の魔導服,2,15,body,0,0.0,1,16,4,3,2,4,0,0,13.0,0.0,0.0,0.0,0.0,0,動きやすさを重視した服。
700011,簡素な鎖帷子,2,15,body,0,0.0,3,16,3,5,1,2,0,0,8.0,0.0,0.0,0.0,0.0,0,身体を保護する基本的な防具。
700012,狩人のベスト,2,20,body,0,0.0,1,17,6,2,1,3,0,0,4.0,0.0,0.0,0.0,0.0,0,多くの冒険者が愛用する品。
700013,粗末なローブ,2,20,body,0,0.0,1,15,7,3,2,2,0,0,2.0,0.0,0.0,0.0,0.0,0,多くの冒険者が愛用する品。
700014,漁師のレインコート,2,20,body,0,0.0,1,17,5,0,5,2,0,0,6.0,0.0,0.0,0.0,0.0,0,動きやすさを重視した服。
700015,銅のプレート,2,25,body,0,0.0,2,15,7,1,2,3,0,0,12.0,0.0,0.0,0.0,0.0,0,動きやすさを重視した服。
700016,傭兵の防具,2,25,body,0,0.0,1,13,5,3,5,3,0,0,4.0,0.0,0.0,0.0,0.0,0,多くの冒険者が愛用する品。
700017,魔法使いのローブ,2,25,body,0,0.0,6,14,2,2,1,5,0,0,13.0,0.0,0.0,0.0,0.0,0,魔法使いのローブ。身体を保護する基本的な防具。
700018,軽装の旅装,3,30,body,0,0.0,4,20,12,5,3,6,0,0,5.0,0.0,0.0,0.0,0.0,0,標準的な防御力を持つ鎧。
700019,見習い騎士の鎧,3,30,body,0,0.0,2,26,12,4,3,3,0,0,15.0,0.0,0.0,0.0,0.0,0,標準的な防御力を持つ鎧。
700020,破れたマント,3,30,body,0,0.0,5,27,4,3,6,5,0,0,8.0,0.0,0.0,0.0,0.0,0,動きやすさを重視した服。
700021,薬草師のエプロン,3,35,body,0,0.0,4,24,12,3,4,3,0,0,7.0,0.0,0.0,0.0,0.0,0,標準的な防御力を持つ鎧。
700022,鉄製のチェストプレート,3,35,body,0,0.0,2,24,7,4,7,6,0,0,10.0,0.0,0.0,0.0,0.0,0,多くの冒険者が愛用する品。
700023,知恵のローブ,3,35,body,0,0.0,6,23,8,8,4,1,0,0,2.0,0.0,0.0,0.0,0.0,0,知恵のローブ。動きやすさを重視した服。
700024,弓使いの軽装,3,40,body,0,0.0,2,25,11,0,8,4,0,0,6.0,0.0,0.0,0.0,0.0,0,動きやすさを重視した服。
700025,古びた礼服,3,40,body,0,0.0,3,21,15,5,2,4,0,0,1.0,0.0,0.0,0.0,0.0,0,多くの冒険者が愛用する品。
700026,熟練工の作業服,3,40,body,0,0.0,4,24,8,2,5,7,0,0,2.0,0.0,0.0,0.0,0.0,0,身体を保護する基本的な防具。
700027,迷彩服,4,45,body,0,0.0,9,29,12,6,5,9,0,0,1.0,0.0,0.0,0.0,0.0,0,多くの冒険者が愛用する品。
700028,旅の商人の服,4,45,body,0,0.0,2,32,11,8,8,9,0,0,3.0,0.0,0.0,0.0,0.0,0,多くの冒険者が愛用する品。
700029,騎士団の支給品,4,45,body,0,0.0,5,32,13,5,8,7,0,0,13.0,0.0,0.0,0.0,0.0,0,動きやすさを重視した服。
700030,銀のプレート,4,50,body,0,0.0,5,36,13,3,6,7,0,0,13.0,0.0,0.0,0.0,0.0,0,標準的な防御力を持つ鎧。
800000,皮のリストバンド,1,1,arm,0,0.0,2,0,5,0,3,0,0,0,3.0,1.0,0.0,0.0,0.0,0,腕の負担を和らげる
800001,重厚なガントレット,1,1,arm,0,0.0,4,2,-2,0,3,3,0,0,8.0,2.0,0.0,0.0,0.0,0.0,拳の威力を高める鉄の手袋
800002,魔術師の手袋,1,1,arm,0,0.0,0,2,0,4,4,0,0,0,6.0,8.0,0.0,0.0,0.0,0,繊細な手動きを助ける絹の手袋
800003,ボロの包帯,1,5,arm,0,0.0,1,9,0,0,0,0,0,0,1.0,0.0,0.0,0.0,0.0,0,ボロの包帯。しっかりとした素材の腕輪。
800004,皮の手袋,1,5,arm,0,0.0,1,5,0,2,2,0,0,0,5.0,0.0,0.0,0.0,0.0,0,皮の手袋。手先の作業もしやすい作り。
800005,銅の小手,1,5,arm,0,0.0,2,3,3,0,1,1,0,0,8.0,0.0,0.0,0.0,0.0,0,手先の作業もしやすい作り。
800006,見習いの腕輪,1,10,arm,0,0.0,2,2,2,1,1,2,0,0,2.0,0.0,0.0,0.0,0.0,0,武器の扱いを補助する手袋。
800007,漁師の袖カバー,1,10,arm,0,0.0,5,2,0,0,2,1,0,0,3.0,0.0,0.0,0.0,0.0,0,武器の扱いを補助する手袋。
800008,錆びたガントレット,1,10,arm,0,0.0,3,4,1,1,0,1,0,0,7.0,0.0,0.0,0.0,0.0,0,しっかりとした素材の腕輪。
800009,布製のミトン,2,15,arm,0,0.0,6,9,5,2,8,0,0,0,3.0,0.0,0.0,0.0,0.0,0,布製のミトン。腕や手首を守る防具。
800010,薄汚れた腕当て,2,15,arm,0,0.0,6,9,4,5,3,3,0,0,5.0,0.0,0.0,0.0,0.0,0,薄汚れた腕当て。手先の作業もしやすい作り。
800011,木製の腕輪,2,15,arm,0,0.0,5,9,4,1,7,4,0,0,5.0,0.0,0.0,0.0,0.0,0,武器の扱いを補助する手袋。
800012,狩人のグローブ,2,20,arm,0,0.0,4,9,2,1,12,2,0,0,3.0,0.0,0.0,0.0,0.0,0,狩人のグローブ。武器の扱いを補助する手袋。
800013,簡素な腕巻き,2,20,arm,0,0.0,6,7,3,3,8,3,0,0,5.0,0.0,0.0,0.0,0.0,0,簡素な腕巻き。武器の扱いを補助する手袋。
800014,町の衛兵の小手,2,20,arm,0,0.0,2,12,1,3,9,3,0,0,6.0,0.0,0.0,0.0,0.0,0,武器の扱いを補助する手袋。
800015,薬草師の腕飾り,2,25,arm,0,0.0,2,11,5,2,7,3,0,0,5.0,0.0,0.0,0.0,0.0,0,薬草師の腕飾り。しっかりとした素材の腕輪。
800016,呪われたミサンガ,2,25,arm,0,0.0,7,10,1,2,9,1,0,0,5.0,0.0,0.0,0.0,0.0,0,武器の扱いを補助する手袋。
800017,鉄製のリストガード,2,25,arm,0,0.0,3,12,4,3,4,4,0,0,11.0,0.0,0.0,0.0,0.0,0,腕や手首を守る防具。
800018,見習い魔導士の篭手,3,30,arm,0,0.0,4,16,7,7,12,4,0,0,15.0,0.0,0.0,0.0,0.0,0,見習い魔導士の篭手。武器の扱いを補助する手袋。
800019,盗賊の袖,3,30,arm,0,0.0,7,16,8,3,13,3,0,0,8.0,0.0,0.0,0.0,0.0,0,盗賊の袖。しっかりとした素材の腕輪。
800020,古びたバングル,3,30,arm,0,0.0,7,14,5,1,16,7,0,0,1.0,0.0,0.0,0.0,0.0,0,武器の扱いを補助する手袋。
800021,泥まみれの軍手,3,35,arm,0,0.0,7,17,10,3,8,5,0,0,8.0,0.0,0.0,0.0,0.0,0,腕や手首を守る防具。
800022,魔法使いのグローブ,3,35,arm,0,0.0,5,15,5,4,17,4,0,0,14.0,0.0,0.0,0.0,0.0,0,腕や手首を守る防具。
800023,銀メッキの小手,3,35,arm,0,0.0,5,15,5,3,16,6,0,0,14.0,0.0,0.0,0.0,0.0,0,武器の扱いを補助する手袋。
800024,職人の腕カバー,3,40,arm,0,0.0,8,16,12,5,7,2,0,0,9.0,0.0,0.0,0.0,0.0,0,しっかりとした素材の腕輪。
800025,冒険家の篭手,3,40,arm,0,0.0,3,16,6,6,16,3,0,0,7.0,0.0,0.0,0.0,0.0,0,武器の扱いを補助する手袋。
800026,兵士の腕輪,3,40,arm,0,0.0,10,15,4,1,15,5,0,0,8.0,0.0,0.0,0.0,0.0,0,しっかりとした素材の腕輪。
800027,粗末な鉄の輪,4,45,arm,0,0.0,10,20,12,5,14,9,0,0,11.0,0.0,0.0,0.0,0.0,0,粗末な鉄の輪。しっかりとした素材の腕輪。
800028,銀のリストバンド,4,45,arm,0,0.0,7,22,8,6,24,3,0,0,15.0,0.0,0.0,0.0,0.0,0,銀のリストバンド。手先の作業もしやすい作り。
800029,炎のグローブ,4,45,arm,0,0.0,10,23,14,5,12,6,0,0,2.0,0.0,0.0,0.0,0.0,0,炎のグローブ。しっかりとした素材の腕輪。
800030,水の腕輪,4,50,arm,0,0.0,7,27,10,7,14,5,0,0,12.0,0.0,0.0,0.0,0.0,0,武器の扱いを補助する手袋。
900000,皮のベルト,1,1,waist,0,0.0,2,2,0,1,2,3,0,0,3.0,2.0,0.0,0.0,0.0,0,装備を腰に固定するための帯
900001,達人の帯,1,1,waist,0,0.0,2,0,8,0,0,0,0,0,0.0,2.0,0.0,0.0,0.0,0,武の心得がある者が締める帯
900002,聖職者の大帯,1,1,waist,0,0.0,0,5,0,5,0,0,0,0,0.0,15.0,0.0,0.0,0.0,0.0,信仰心を高める幅広の帯
900003,ボロの腰布,1,5,waist,0,0.0,2,2,1,0,2,3,0,0,1.0,0.0,0.0,0.0,0.0,0,腰回りを引き締める帯。
900004,旅人のベルト,1,5,waist,0,0.0,1,4,4,0,0,1,0,0,3.0,0.0,0.0,0.0,0.0,0,旅人のベルト。腰への負担を軽減する。
900005,銅のバックル,1,5,waist,0,0.0,0,6,2,0,0,2,0,0,9.0,0.0,0.0,0.0,0.0,0,道具を下げるのに便利なベルト。
900006,麻ひもの帯,1,10,waist,0,0.0,1,6,0,0,2,1,0,0,1.0,0.0,0.0,0.0,0.0,0,腰回りを引き締める帯。
900007,簡素な革ベルト,1,10,waist,0,0.0,1,3,5,0,1,0,0,0,5.0,0.0,0.0,0.0,0.0,0,簡素な革ベルト。腰への負担を軽減する。
900008,布製のサッシュ,1,10,waist,0,0.0,0,3,4,0,1,2,0,0,3.0,0.0,0.0,0.0,0.0,0,丈夫な素材で作られた帯。
900009,漁師の腰帯,2,15,waist,0,0.0,3,12,2,0,5,8,0,0,6.0,0.0,0.0,0.0,0.0,0,道具を下げるのに便利なベルト。
900010,錆びたチェーン,2,15,waist,0,0.0,2,14,8,0,2,4,0,0,8.0,0.0,0.0,0.0,0.0,0,道具を下げるのに便利なベルト。
900011,見習いの帯,2,15,waist,0,0.0,2,11,6,0,3,8,0,0,2.0,0.0,0.0,0.0,0.0,0,見習いの帯。道具を下げるのに便利なベルト。
900012,木の飾りベルト,2,20,waist,0,0.0,1,9,4,0,7,9,0,0,6.0,0.0,0.0,0.0,0.0,0,腰への負担を軽減する。
900013,狩人の腰紐,2,20,waist,0,0.0,2,12,6,0,3,7,0,0,5.0,0.0,0.0,0.0,0.0,0,腰回りを引き締める帯。
900014,粗末なベルト,2,20,waist,0,0.0,0,13,7,0,4,6,0,0,5.0,0.0,0.0,0.0,0.0,0,腰回りを引き締める帯。
900015,町の衛兵の帯,2,25,waist,0,0.0,2,11,6,0,6,5,0,0,4.0,0.0,0.0,0.0,0.0,0,町の衛兵の帯。道具を下げるのに便利なベルト。
900016,薬草師のポーチ,2,25,waist,0,0.0,2,9,7,0,3,9,0,0,6.0,0.0,0.0,0.0,0.0,0,薬草師のポーチ。腰への負担を軽減する。
900017,呪いのミサンガ,2,25,waist,0,0.0,3,12,5,0,7,3,0,0,5.0,0.0,0.0,0.0,0.0,0,道具を下げるのに便利なベルト。
900018,鉄製のガード,3,30,waist,0,0.0,3,20,12,0,9,6,0,0,11.0,0.0,0.0,0.0,0.0,0,腰回りを引き締める帯。
900019,見習い魔導士の帯,3,30,waist,0,0.0,5,18,13,0,7,7,0,0,13.0,0.0,0.0,0.0,0.0,0,腰への負担を軽減する。
900020,盗賊のベルト,3,30,waist,0,0.0,4,27,5,0,6,8,0,0,9.0,0.0,0.0,0.0,0.0,0,腰への負担を軽減する。
900021,古びた革帯,3,35,waist,0,0.0,7,23,9,0,6,5,0,0,5.0,0.0,0.0,0.0,0.0,0,古びた革帯。丈夫な素材で作られた帯。
900022,泥まみれのベルト,3,35,waist,0,0.0,5,19,14,0,6,6,0,0,7.0,0.0,0.0,0.0,0.0,0,腰回りを引き締める帯。
900023,魔法使いのサッシュ,3,35,waist,0,0.0,2,25,11,0,7,5,0,0,15.0,0.0,0.0,0.0,0.0,0,腰への負担を軽減する。
900024,銀メッキのバックル,3,40,waist,0,0.0,3,21,12,0,5,9,0,0,13.0,0.0,0.0,0.0,0.0,0,腰への負担を軽減する。
900025,職人の工具袋,3,40,waist,0,0.0,7,18,9,0,7,9,0,0,9.0,0.0,0.0,0.0,0.0,0,職人の工具袋。腰回りを引き締める帯。
900026,冒険家のベルト,3,40,waist,0,0.0,6,18,7,0,9,10,0,0,9.0,0.0,0.0,0.0,0.0,0,冒険家のベルト。道具を下げるのに便利なベルト。
900027,兵士の帯,4,45,waist,0,0.0,2,27,19,0,9,13,0,0,12.0,0.0,0.0,0.0,0.0,0,兵士の帯。道具を下げるのに便利なベルト。
900028,粗末な鉄帯,4,45,waist,0,0.0,3,17,19,0,16,15,0,0,10.0,0.0,0.0,0.0,0.0,0,道具を下げるのに便利なベルト。
900029,銀のサッシュ,4,45,waist,0,0.0,7,27,16,0,13,7,0,0,13.0,0.0,0.0,0.0,0.0,0,銀のサッシュ。道具を下げるのに便利なベルト。
900030,炎のベルト,4,50,waist,0,0.0,6,25,19,0,8,12,0,0,11.0,0.0,0.0,0.0,0.0,0,丈夫な素材で作られた帯。
1000000,旅人のズボン,1,1,leg,0,0.0,1,2,3,2,0,2,0,0,0.0,4.0,0.0,0.0,0.0,0,動きやすさを重視したズボン
1000001,軽業師のタイツ,1,1,leg,0,0.0,0,0,10,0,0,0,0,0,2.0,2.0,0.0,0.0,0.0,0,足捌きを邪魔しないタイツ
1000002,守備隊の下衣,1,1,leg,0,0.0,3,5,-2,0,0,4,0,0,0.0,10.0,0.0,0.0,0.0,0.0,頑丈な金属板で補強された下衣
1000003,ボロの足甲,1,5,leg,0,0.0,1,3,3,0,0,3,0,0,3.0,0.0,0.0,0.0,0.0,0,足の動きを妨げない防具。
1000004,旅人の靴,1,5,leg,0,0.0,0,6,1,0,2,1,0,0,3.0,0.0,0.0,0.0,0.0,0,旅人の靴。丈夫な生地で作られた下衣。
1000005,銅のアンクレット,1,5,leg,0,0.0,1,2,4,0,3,0,0,0,7.0,0.0,0.0,0.0,0.0,0,軽快な動きを可能にする。
1000006,麻ひものサンダル,1,10,leg,0,0.0,2,1,6,0,1,0,0,0,3.0,0.0,0.0,0.0,0.0,0,丈夫な生地で作られた下衣。
1000007,簡素な革ブーツ,1,10,leg,0,0.0,0,4,4,0,2,0,0,0,4.0,0.0,0.0,0.0,0.0,0,簡素な革ブーツ。丈夫な生地で作られた下衣。
1000008,布のすね当て,1,10,leg,0,0.0,1,2,4,0,3,0,0,0,3.0,0.0,0.0,0.0,0.0,0,丈夫な生地で作られた下衣。
1000009,漁師の長靴,2,15,leg,0,0.0,2,7,15,0,6,0,0,0,6.0,0.0,0.0,0.0,0.0,0,漁師の長靴。軽快な動きを可能にする。
1000010,錆びた足枷,2,15,leg,0,0.0,3,11,11,0,3,2,0,0,6.0,0.0,0.0,0.0,0.0,0,下半身を守るズボン。
1000011,見習いのゲートル,2,15,leg,0,0.0,4,13,9,0,2,2,0,0,3.0,0.0,0.0,0.0,0.0,0,見習いのゲートル。丈夫な生地で作られた下衣。
1000012,木底のブーツ,2,20,leg,0,0.0,2,8,9,0,5,6,0,0,4.0,0.0,0.0,0.0,0.0,0,下半身を守るズボン。
1000013,狩人の脚絆,2,20,leg,0,0.0,4,9,12,0,4,1,0,0,5.0,0.0,0.0,0.0,0.0,0,足の動きを妨げない防具。
1000014,粗末なすね当て,2,20,leg,0,0.0,0,12,7,0,6,5,0,0,4.0,0.0,0.0,0.0,0.0,0,粗末なすね当て。足の動きを妨げない防具。
1000015,町の衛兵のブーツ,2,25,leg,0,0.0,2,8,11,0,9,0,0,0,6.0,0.0,0.0,0.0,0.0,0,町の衛兵のブーツ。下半身を守るズボン。
1000016,薬草師の長靴,2,25,leg,0,0.0,7,8,8,0,7,0,0,0,4.0,0.0,0.0,0.0,0.0,0,下半身を守るズボン。
1000017,呪いの足飾り,2,25,leg,0,0.0,5,6,9,0,6,4,0,0,5.0,0.0,0.0,0.0,0.0,0,丈夫な生地で作られた下衣。
1000018,鉄製のフットガード,3,30,leg,0,0.0,2,18,10,0,15,5,0,0,10.0,0.0,0.0,0.0,0.0,0,足の動きを妨げない防具。
1000019,見習い魔導士の靴,3,30,leg,0,0.0,3,21,16,0,9,1,0,0,13.0,0.0,0.0,0.0,0.0,0,見習い魔導士の靴。下半身を守るズボン。
1000020,盗賊の靴,3,30,leg,0,0.0,6,20,13,0,8,3,0,0,8.0,0.0,0.0,0.0,0.0,0,軽快な動きを可能にする。
1000021,古びた革の脛当て,3,35,leg,0,0.0,3,16,13,0,10,8,0,0,6.0,0.0,0.0,0.0,0.0,0,下半身を守るズボン。
1000022,泥まみれのブーツ,3,35,leg,0,0.0,2,15,19,0,13,1,0,0,4.0,0.0,0.0,0.0,0.0,0,丈夫な生地で作られた下衣。
1000023,魔法使いのサンダル,3,35,leg,0,0.0,2,15,17,0,12,4,0,0,14.0,0.0,0.0,0.0,0.0,0,丈夫な生地で作られた下衣。
1000024,銀メッキの足甲,3,40,leg,0,0.0,5,21,12,0,7,5,0,0,15.0,0.0,0.0,0.0,0.0,0,銀メッキの足甲。軽快な動きを可能にする。
1000025,職人の革靴,3,40,leg,0,0.0,2,15,19,0,11,3,0,0,6.0,0.0,0.0,0.0,0.0,0,丈夫な生地で作られた下衣。
1000026,冒険家のブーツ,3,40,leg,0,0.0,2,12,21,0,11,4,0,0,6.0,0.0,0.0,0.0,0.0,0,下半身を守るズボン。
1000027,兵士の脛当て,4,45,leg,0,0.0,2,31,25,0,9,3,0,0,11.0,0.0,0.0,0.0,0.0,0,軽快な動きを可能にする。
1000028,粗末な鉄靴,4,45,leg,0,0.0,9,28,11,0,17,5,0,0,10.0,0.0,0.0,0.0,0.0,0,下半身を守るズボン。
1000029,銀のアンクレット,4,45,leg,0,0.0,4,27,20,0,14,5,0,0,15.0,0.0,0.0,0.0,0.0,0,銀のアンクレット。軽快な動きを可能にする。
1000030,炎の足甲,4,50,leg,0,0.0,5,28,22,0,10,5,0,0,11.0,0.0,0.0,0.0,0.0,0,丈夫な生地で作られた下衣。
1100000,皮の靴,1,1,foot,0,0.0,0,1,7,0,1,1,0,0,3.0,2.0,0.0,0.0,0.0,0,シンプルで歩きやすい靴
1100001,ウィングブーツ,1,1,foot,0,0.0,0,0,10,0,0,0,0,0,2.0,4.0,0.0,0.0,0.0,0,翼が生えたかのような軽快な靴
1100002,ヘビーブーツ,1,1,foot,0,0.0,5,5,-2,1,0,1,0,0,7.0,5.0,0.0,0.0,0.0,0.0,重いが踏ん張りが効く鉄の靴
1100003,ボロのサンダル,1,5,foot,0,0.0,0,1,5,0,2,2,0,0,2.0,0.0,0.0,0.0,0.0,0,足元をしっかり守るブーツ。
1100004,町のわらじ,1,5,foot,0,0.0,0,1,6,0,1,2,0,0,3.0,0.0,0.0,0.0,0.0,0,町のわらじ。足元をしっかり守るブーツ。
1100005,旅人の靴,1,5,foot,0,0.0,0,3,5,0,2,0,0,0,3.0,0.0,0.0,0.0,0.0,0,様々な地形に対応できる。
1100006,訓練用ブーツ,1,10,foot,0,0.0,0,4,4,0,1,1,0,0,4.0,0.0,0.0,0.0,0.0,0,長時間の歩行に適した靴。
1100007,革の足首ガード,1,10,foot,0,0.0,0,2,7,0,0,1,0,0,7.0,0.0,0.0,0.0,0.0,0,様々な地形に対応できる。
1100008,布の脚絆,1,10,foot,0,0.0,0,2,4,0,1,3,0,0,2.0,0.0,0.0,0.0,0.0,0,滑りにくい底の靴。
1100009,漁師の長靴,2,15,foot,0,0.0,0,5,13,0,4,8,0,0,4.0,0.0,0.0,0.0,0.0,0,長時間の歩行に適した靴。
1100010,見習いの靴,2,15,foot,0,0.0,0,5,12,0,6,7,0,0,1.0,0.0,0.0,0.0,0.0,0,足元をしっかり守るブーツ。
1100011,木のすね当て,2,15,foot,0,0.0,0,5,16,0,3,6,0,0,5.0,0.0,0.0,0.0,0.0,0,様々な地形に対応できる。
1100012,簡素な革靴,2,20,foot,0,0.0,0,4,16,0,4,6,0,0,5.0,0.0,0.0,0.0,0.0,0,足元をしっかり守るブーツ。
1100013,錆びた鉄靴,2,20,foot,0,0.0,0,6,14,0,4,6,0,0,10.0,0.0,0.0,0.0,0.0,0,足元をしっかり守るブーツ。
1100014,泥まみれのブーツ,2,20,foot,0,0.0,0,3,12,0,7,8,0,0,5.0,0.0,0.0,0.0,0.0,0,泥まみれのブーツ。足元をしっかり守るブーツ。
1100015,狩人のブーツ,2,25,foot,0,0.0,0,1,18,0,6,5,0,0,5.0,0.0,0.0,0.0,0.0,0,狩人のブーツ。足元をしっかり守るブーツ。
1100016,銅のグリーブ,2,25,foot,0,0.0,0,7,16,0,4,3,0,0,7.0,0.0,0.0,0.0,0.0,0,足元をしっかり守るブーツ。
1100017,粗末なすね当て,2,25,foot,0,0.0,0,7,14,0,4,5,0,0,4.0,0.0,0.0,0.0,0.0,0,粗末なすね当て。様々な地形に対応できる。
1100018,見習い魔導士の靴,3,30,foot,0,0.0,0,13,22,0,13,2,0,0,15.0,0.0,0.0,0.0,0.0,0,足元をしっかり守るブーツ。
1100019,盗賊の軽快靴,3,30,foot,0,0.0,0,10,29,0,3,8,0,0,6.0,0.0,0.0,0.0,0.0,0,盗賊の軽快靴。長時間の歩行に適した靴。
1100020,教会の簡易シューズ,3,30,foot,0,0.0,0,7,28,0,8,7,0,0,5.0,0.0,0.0,0.0,0.0,0,足元をしっかり守るブーツ。
1100021,破れたブーツ,3,35,foot,0,0.0,0,6,25,0,10,9,0,0,6.0,0.0,0.0,0.0,0.0,0,破れたブーツ。滑りにくい底の靴。
1100022,薬草師の長靴,3,35,foot,0,0.0,0,12,27,0,5,6,0,0,8.0,0.0,0.0,0.0,0.0,0,薬草師の長靴。足元をしっかり守るブーツ。
1100023,鉄製のフットガード,3,35,foot,0,0.0,0,3,26,0,10,11,0,0,10.0,0.0,0.0,0.0,0.0,0,様々な地形に対応できる。
1100024,職人の安全靴,3,40,foot,0,0.0,0,4,21,0,12,13,0,0,8.0,0.0,0.0,0.0,0.0,0,職人の安全靴。滑りにくい底の靴。
1100025,弓使いの軽靴,3,40,foot,0,0.0,0,11,23,0,12,4,0,0,5.0,0.0,0.0,0.0,0.0,0,長時間の歩行に適した靴。
1100026,古びた革の脛当て,3,40,foot,0,0.0,0,12,22,0,11,5,0,0,4.0,0.0,0.0,0.0,0.0,0,足元をしっかり守るブーツ。
1100027,雑兵の編み上げ靴,4,45,foot,0,0.0,0,9,36,0,12,13,0,0,12.0,0.0,0.0,0.0,0.0,0,雑兵の編み上げ靴。滑りにくい底の靴。
1100028,冒険家のブーツ,4,45,foot,0,0.0,0,13,31,0,12,14,0,0,6.0,0.0,0.0,0.0,0.0,0,長時間の歩行に適した靴。
1100029,銀メッキのフットガード,4,45,foot,0,0.0,0,8,37,0,11,14,0,0,15.0,0.0,0.0,0.0,0.0,0,様々な地形に対応できる。
1100030,耐熱サンダル,4,50,foot,0,0.0,0,15,31,0,8,16,0,0,10.0,0.0,0.0,0.0,0.0,0,様々な地形に対応できる。
1200000,ラッキーコイン,1,1,sub1,0,0.0,0,0,2,0,2,6,0,0,1.0,1.0,0.0,0.0,0.0,0.0,幸運を呼ぶと言われる古い硬貨
1200001,力の指輪,1,1,sub1,0,0.0,7,0,0,0,2,1,0,0,1.0,0.0,0.0,0.0,0.0,0,筋力を増強する魔法の指輪
1200002,守りのルーン,1,1,sub1,0,0.0,0,6,0,0,0,4,0,0,0.0,12.0,0.0,0.0,0.0,0.0,防御結界を張る刻印入りの石
1200003,見習いの指輪,1,5,sub1,0,0.0,1,1,1,4,2,1,0,0,3.0,0.0,0.0,0.0,0.0,0,あると便利な小物。
1200004,銅のリング,1,5,sub1,0,0.0,0,2,3,2,1,2,0,0,9.0,0.0,0.0,0.0,0.0,0,あると便利な小物。
1200005,木の飾り環,1,5,sub1,0,0.0,1,1,0,4,1,3,0,0,5.0,0.0,0.0,0.0,0.0,0,あると便利な小物。
1200006,泥まみれのバングル,1,10,sub1,0,0.0,2,0,3,2,1,2,0,0,1.0,0.0,0.0,0.0,0.0,0,不思議な力を秘めた品。
1200007,旅人のリング,1,10,sub1,0,0.0,0,1,2,3,1,3,0,0,1.0,0.0,0.0,0.0,0.0,0,旅人のリング。予備として持つアイテム。
1200008,鉄の小指輪,1,10,sub1,0,0.0,2,1,1,3,1,2,0,0,11.0,0.0,0.0,0.0,0.0,0,鉄の小指輪。予備として持つアイテム。
1200009,布のリストバンド,2,15,sub1,0,0.0,4,3,7,3,6,7,0,0,1.0,0.0,0.0,0.0,0.0,0,あると便利な小物。
1200010,盗賊の指輪,2,15,sub1,0,0.0,4,6,7,8,3,2,0,0,5.0,0.0,0.0,0.0,0.0,0,盗賊の指輪。幸運を呼ぶかもしれない。
1200011,粗末な銀の輪,2,15,sub1,0,0.0,4,7,4,8,3,4,0,0,14.0,0.0,0.0,0.0,0.0,0,不思議な力を秘めた品。
1200012,魔物避けの印章,2,20,sub1,0,0.0,4,6,4,6,6,4,0,0,13.0,0.0,0.0,0.0,0.0,0,魔物避けの印章。あると便利な小物。
1200013,薬草師の指サック,2,20,sub1,0,0.0,9,6,4,1,6,4,0,0,6.0,0.0,0.0,0.0,0.0,0,薬草師の指サック。予備として持つアイテム。
1200014,呪われた指輪,2,20,sub1,0,0.0,7,5,5,5,4,4,0,0,5.0,0.0,0.0,0.0,0.0,0,呪われた指輪。あると便利な小物。
1200015,軽鉄のバンド,2,25,sub1,0,0.0,5,5,2,4,4,10,0,0,12.0,0.0,0.0,0.0,0.0,0,あると便利な小物。
1200016,教会の簡易指輪,2,25,sub1,0,0.0,5,5,7,1,6,6,0,0,6.0,0.0,0.0,0.0,0.0,0,予備として持つアイテム。
1200017,職人の作業リング,2,25,sub1,0,0.0,5,7,4,2,4,8,0,0,5.0,0.0,0.0,0.0,0.0,0,不思議な力を秘めた品。
1200018,水銀のリング,3,30,sub1,0,0.0,14,8,5,3,11,9,0,0,15.0,0.0,0.0,0.0,0.0,0,あると便利な小物。
1200019,炎の紋章,3,30,sub1,0,0.0,9,6,8,11,5,11,0,0,9.0,0.0,0.0,0.0,0.0,0,予備として持つアイテム。
1200020,風の紋章,3,30,sub1,0,0.0,5,7,7,10,9,12,0,0,9.0,0.0,0.0,0.0,0.0,0,風の紋章。予備として持つアイテム。
1200021,土の紋章,3,35,sub1,0,0.0,5,12,5,8,9,11,0,0,8.0,0.0,0.0,0.0,0.0,0,幸運を呼ぶかもしれない。
1200022,水の紋章,3,35,sub1,0,0.0,7,7,10,8,7,11,0,0,9.0,0.0,0.0,0.0,0.0,0,あると便利な小物。
1200023,狩人の細工指輪,3,35,sub1,0,0.0,10,7,7,13,5,8,0,0,7.0,0.0,0.0,0.0,0.0,0,狩人の細工指輪。予備として持つアイテム。
1200024,漁師の釣針,3,40,sub1,0,0.0,9,6,12,5,10,8,0,0,7.0,0.0,0.0,0.0,0.0,0,漁師の釣針。幸運を呼ぶかもしれない。
1200025,戦士のレザーリング,3,40,sub1,0,0.0,7,9,11,13,5,5,0,0,4.0,0.0,0.0,0.0,0.0,0,予備として持つアイテム。
1200026,賢者の真鍮指輪,3,40,sub1,0,0.0,10,7,10,10,5,8,0,0,8.0,0.0,0.0,0.0,0.0,0,予備として持つアイテム。
1200027,冒険者の印,4,45,sub1,0,0.0,12,12,13,10,12,11,0,0,12.0,0.0,0.0,0.0,0.0,0,あると便利な小物。
1200028,古びた真鍮リング,4,45,sub1,0,0.0,10,17,12,10,13,8,0,0,1.0,0.0,0.0,0.0,0.0,0,不思議な力を秘めた品。
1200029,小さな宝石の指輪,4,45,sub1,0,0.0,14,14,10,12,9,11,0,0,10.0,0.0,0.0,0.0,0.0,0,小さな宝石の指輪。不思議な力を秘めた品。
1200030,名もなき勇者の指輪,4,50,sub1,0,0.0,11,9,14,15,9,12,0,0,12.0,0.0,0.0,0.0,0.0,0,幸運を呼ぶかもしれない。
1300000,経験の偶像,1,1,sub2,0,0.0,1,1.0,2.0,1.0,2.0,3.0,0,0,0.0,1.0,0.0,0.0,0.0,0.0,全身の感覚をフラットにする
1300001,賢者の知恵袋,1,1,sub2,0,0.0,0,0,0,10,0,0,0,0,0.0,15.0,0.0,0.0,0.0,0.0,古代の知識が詰まった袋
1300002,隠密の外套,1,1,sub2,0,0.0,0,0,10,0,0,0,0,0,0.0,8.0,0.0,0.0,0.0,0.0,気配を消すことができる不思議な肩掛け
1300003,旅人の万能薬,1,5,sub2,0,0.0,1,2,1,2,2,2,0,0,3.0,0.0,0.0,0.0,0.0,0,特殊な効果を持つアイテム。
1300004,小さな魔石,1,5,sub2,0,0.0,4,4,1,1,0,0,0,0,13.0,0.0,0.0,0.0,0.0,0,鞄に忍ばせておきたい品。
1300005,戦士の勲章,1,5,sub2,0,0.0,0,1,2,3,2,2,0,0,3.0,0.0,0.0,0.0,0.0,0,冒険を助ける補助装備。
1300006,幸運のコイン,1,10,sub2,0,0.0,2,2,4,1,1,0,0,0,1.0,0.0,0.0,0.0,0.0,0,古くから伝わる道具。
1300007,俊足の羽根飾り,1,10,sub2,0,0.0,1,1,1,3,2,2,0,0,2.0,0.0,0.0,0.0,0.0,0,冒険を助ける補助装備。
1300008,職人の工具入れ,1,10,sub2,0,0.0,1,0,4,0,2,3,0,0,3.0,0.0,0.0,0.0,0.0,0,古くから伝わる道具。
1300009,生命の雫,2,15,sub2,0,0.0,4,3,7,7,3,6,0,0,5.0,0.0,0.0,0.0,0.0,0,生命の雫。冒険を助ける補助装備。
1300010,守りの結界札,2,15,sub2,0,0.0,8,3,3,3,8,5,0,0,5.0,0.0,0.0,0.0,0.0,0,守りの結界札。鞄に忍ばせておきたい品。
1300011,古びた懐中時計,2,15,sub2,0,0.0,3,8,5,6,5,3,0,0,3.0,0.0,0.0,0.0,0.0,0,古びた懐中時計。古くから伝わる道具。
1300012,精霊のささやき,2,20,sub2,0,0.0,4,6,5,4,4,7,0,0,4.0,0.0,0.0,0.0,0.0,0,特殊な効果を持つアイテム。
1300013,錬金術師の石,2,20,sub2,0,0.0,3,4,4,6,5,8,0,0,4.0,0.0,0.0,0.0,0.0,0,特殊な効果を持つアイテム。
1300014,釣り人の腕輪,2,20,sub2,0,0.0,5,1,5,5,8,6,0,0,5.0,0.0,0.0,0.0,0.0,0,古くから伝わる道具。
1300015,冒険者の誓い,2,25,sub2,0,0.0,3,8,5,9,4,1,0,0,4.0,0.0,0.0,0.0,0.0,0,冒険を助ける補助装備。
1300016,盗賊の隠し袋,2,25,sub2,0,0.0,6,3,4,5,6,6,0,0,5.0,0.0,0.0,0.0,0.0,0,特殊な効果を持つアイテム。
1300017,傭兵の証,2,25,sub2,0,0.0,4,2,7,5,4,8,0,0,6.0,0.0,0.0,0.0,0.0,0,鞄に忍ばせておきたい品。
1300018,癒やしの香炉,3,30,sub2,0,0.0,15,6,8,6,9,6,0,0,9.0,0.0,0.0,0.0,0.0,0,癒やしの香炉。鞄に忍ばせておきたい品。
1300019,経験値の欠片,3,30,sub2,0,0.0,7,5,8,11,9,10,0,0,9.0,0.0,0.0,0.0,0.0,0,経験値の欠片。冒険を助ける補助装備。
1300020,教会の簡易ロザリオ,3,30,sub2,0,0.0,8,6,6,13,10,7,0,0,9.0,0.0,0.0,0.0,0.0,0,教会の簡易ロザリオ。鞄に忍ばせておきたい品。
1300021,毒消しのお守り,3,35,sub2,0,0.0,5,8,6,10,13,8,0,0,8.0,0.0,0.0,0.0,0.0,0,古くから伝わる道具。
1300022,迷宮の道標,3,35,sub2,0,0.0,6,12,2,8,7,15,0,0,7.0,0.0,0.0,0.0,0.0,0,特殊な効果を持つアイテム。
1300023,竜の鱗の欠片,3,35,sub2,0,0.0,11,9,6,7,10,7,0,0,7.0,0.0,0.0,0.0,0.0,0,古くから伝わる道具。
1300024,魔法陣のタトゥー,3,40,sub2,0,0.0,7,9,7,9,6,12,0,0,14.0,0.0,0.0,0.0,0.0,0,鞄に忍ばせておきたい品。
1300025,破壊者の鎖,3,40,sub2,0,0.0,5,7,10,9,10,9,0,0,7.0,0.0,0.0,0.0,0.0,0,特殊な効果を持つアイテム。
1300026,古代王の欠片,3,40,sub2,0,0.0,5,13,5,10,11,6,0,0,13.0,0.0,0.0,0.0,0.0,0,鞄に忍ばせておきたい品。
1300027,光る苔,4,45,sub2,0,0.0,16,9,13,12,7,13,0,0,10.0,0.0,0.0,0.0,0.0,0,特殊な効果を持つアイテム。
1300028,鋼鉄のサイコロ,4,45,sub2,0,0.0,10,11,13,14,10,12,0,0,10.0,0.0,0.0,0.0,0.0,0,特殊な効果を持つアイテム。
1300029,旅の思い出の地図,4,45,sub2,0,0.0,9,19,5,8,14,15,0,0,12.0,0.0,0.0,0.0,0.0,0,古くから伝わる道具。
1300030,獣の毛皮の端切れ,4,50,sub2,0,0.0,8,12,7,21,14,8,0,0,5.0,0.0,0.0,0.0,0.0,0,獣の毛皮の端切れ。古くから伝わる道具。
